product_id;product_category_name;distinct_order_ids;distinct_purchase_dates;max_purchase_date;distinct_purchase_weeks;max_purchase_week;count;relative_count;cumulative_relative_count;rank;cumulative_relative_products
aca2eb7d00ea1a7b8ebd4e68314663af;furniture_decor;425;171;2018-08-18;38;2018-08-13;520;1,3780310056976282;1,3780310056976282;1;0,08410428931875526
422879e10f46682990de24d770e7f83d;garden_tools;352;196;2018-08-14;58;2018-08-13;484;1,282628859149331;2,6606598648469593;2;0,16820857863751051
99a4788cb24856965c36a24e339b6058;bed_bath_table;456;263;2018-08-19;74;2018-08-13;477;1,2640784417649396;3,924738306611899;3;0,2523128679562658
389d119b48cf3043d311335e499d9c6b;garden_tools;309;189;2018-08-16;60;2018-08-13;390;1,0335232542732211;4,95826156088512;4;0,33641715727502103
368c6c730842d78016ad823897a372db;garden_tools;290;177;2018-08-16;56;2018-08-13;387;1,0255730753941963;5,983834636279316;5;0,42052144659377627
53759a2ecddad2bb87a079a1f1519f73;garden_tools;285;171;2018-08-12;60;2018-08-06;370;0,9805220617463892;6,964356698025705;6;0,5046257359125316
d1c427060a0f73f6b889a5c7c61f2ac4;computers_accessories;311;194;2018-08-14;68;2018-08-13;330;0,8745196766927257;7,838876374718431;7;0,5887300252312868
53b36df67ebb7c41585e8d54d6772e08;watches_gifts;304;113;2018-08-01;41;2018-07-30;321;0,8506691400556512;8,689545514774082;8;0,6728343145500421
154e7e31ebfa092203795c972e5804a6;health_beauty;262;189;2018-08-13;66;2018-08-13;274;0,7261163376175964;9,415661852391679;9;0,7569386038687973
3dd2a17168ec895c781a9191c1e95ad7;computers_accessories;253;132;2018-08-09;31;2018-08-06;272;0,7208162183649132;10,136478070756592;10;0,8410428931875525
2b4609f8948be18874494203496bc318;health_beauty;250;187;2018-08-16;67;2018-08-13;251;0,6651649662117397;10,801643036968331;11;0,9251471825063078
a62e25e09e05e6faf31d90c6ec1aa3d1;watches_gifts;170;119;2018-08-15;40;2018-08-13;224;0,5936133563005167;11,395256393268848;12;1,0092514718250631
7c1bd920dbdf22470b68bde975dd3ccf;health_beauty;213;174;2018-08-16;74;2018-08-13;219;0,5803630581688088;11,975619451437657;13;1,0933557611438183
e0d64dcfaa3b6db5c54ca298ae101d05;watches_gifts;192;116;2018-08-18;49;2018-08-13;192;0,5088114482575858;12,484430899695242;14;1,1774600504625736
bb50f2e236e5eea0100680137654686c;health_beauty;179;134;2018-08-18;46;2018-08-13;187;0,4955611501258778;12,97999204982112;15;1,2615643397813288
e53e557d5a159f5aa2c5e995dfdf244b;computers_accessories;154;97;2018-08-06;32;2018-08-06;181;0,47966079236782827;13,45965284218895;16;1,3456686291000841
42a2c92a0979a949ca4ea89ec5c7b934;housewares;154;90;2018-04-24;33;2018-04-23;177;0,4690605538624619;13,928713396051412;17;1,4297729184188395
b532349fe46b38fbc7bb3914c1bdae07;furniture_decor;74;65;2018-08-17;35;2018-08-13;166;0,4399098979727044;14,368623294024117;18;1,5138772077375946
35afc973633aaeb6b877ff57b2793310;home_confort;153;121;2018-08-13;61;2018-08-13;162;0,42930965946733807;14,797932953491454;19;1,59798149705635
19c91ef95d509ea33eda93495c4d3481;health_beauty;152;77;2018-08-19;22;2018-08-13;153;0,4054591228302637;15,203392076321718;20;1,682085786375105
a92930c327948861c015c919a0bcb4a8;watches_gifts;149;87;2018-08-17;35;2018-08-13;151;0,4001590035775805;15,6035510798993;21;1,7661900756938604
437c05a395e9e47f9762e677a7068ce7;health_beauty;137;70;2018-08-17;22;2018-08-13;151;0,4001590035775805;16,00371008347688;22;1,8502943650126156
6cdd53843498f92890544667809f1595;health_beauty;146;114;2018-08-17;58;2018-08-13;151;0,4001590035775805;16,40386908705446;23;1,9343986543313711
c4baedd846ed09b85f78a781b522f126;garden_tools;140;108;2018-08-12;55;2018-08-06;146;0,3869087054458725;16,790777792500332;24;2,0185029436501263
461f43be3bdf8844e65b62d9ac2c7a5a;watches_gifts;142;109;2018-08-05;47;2018-07-30;144;0,3816085861931893;17,17238637869352;25;2,1026072329688814
3fbc0ef745950c7932d5f2a446189725;health_beauty;138;68;2018-08-19;21;2018-08-13;144;0,3816085861931893;17,55399496488671;26;2,1867115222876365
7a10781637204d8d10485c71a6108a2e;watches_gifts;140;92;2018-05-12;39;2018-05-07;141;0,37365840731416455;17,927653372200872;27;2,2708158116063917
0aabfb375647d9738ad0f7b4ea3653b1;consoles_games;137;96;2018-07-16;37;2018-07-16;141;0,37365840731416455;18,301311779515036;28;2,3549201009251473
06edb72f1e0c64b14c5b79353f7abea3;bed_bath_table;127;100;2018-08-18;49;2018-08-13;139;0,36835828806148135;18,66967006757652;29;2,4390243902439024
d017a2151d543a9885604dc62a3d9dcc;fashion_bags_accessories;136;106;2018-08-17;55;2018-08-13;138;0,3657082284351398;19,035378296011658;30;2,5231286795626575
8c591ab0ca519558779df02023177f44;garden_tools;125;101;2018-08-14;52;2018-08-13;137;0,3630581688087982;19,398436464820456;31;2,607232968881413
656e0eca68dcecf6a31b8ececfabe3e8;computers_accessories;111;75;2018-08-06;35;2018-08-06;134;0,35510798992977344;19,75354445475023;32;2,6913372582001682
e0cf79767c5b016251fe139915c59a26;health_beauty;128;98;2018-08-14;41;2018-08-13;134;0,35510798992977344;20,108652444680004;33;2,775441547518924
2028bf1b01cafb2d2b1901fca4083222;perfumery;128;98;2018-08-16;44;2018-08-13;132;0,34980787067709024;20,458460315357094;34;2,859545836837679
ec2d43cc59763ec91694573b31f1c29a;bed_bath_table;116;86;2018-07-28;34;2018-07-23;131;0,3471578110507486;20,805618126407843;35;2,943650126156434
36f60d45225e60c7da4558b070ce4b60;computers_accessories;110;66;2018-07-09;22;2018-07-09;126;0,33390751291904064;21,139525639326884;36;3,027754415475189
b0961721fd839e9982420e807758a2a6;garden_tools;94;75;2018-08-19;39;2018-08-13;124;0,3286073936663575;21,46813303299324;37;3,1118587047939443
4c2394abfbac7ff59ec7a420918562fa;health_beauty;117;73;2018-06-11;30;2018-06-11;120;0,31800715516099115;21,78614018815423;38;3,1959629941127
d285360f29ac7fd97640bf0baef03de0;watches_gifts;118;66;2018-07-19;31;2018-07-16;119;0,3153570955346495;22,101497283688882;39;3,280067283431455
89321f94e35fc6d7903d36f74e351d40;food;114;91;2018-08-17;32;2018-08-13;119;0,3153570955346495;22,416854379223533;40;3,36417157275021
601a360bd2a916ecef0e88de72a6531a;cool_stuff;117;91;2018-04-12;40;2018-04-09;117;0,3100569762819663;22,7269113555055;41;3,4482758620689653
c6dd917a0be2a704582055949915ab32;cool_stuff;117;97;2018-04-18;43;2018-04-16;117;0,3100569762819663;23,036968331787467;42;3,532380151387721
54d9ac713e253fa1fae9c8003b011c2a;cool_stuff;114;47;2018-08-02;15;2018-07-30;114;0,3021067974029416;23,33907512919041;43;3,616484440706476
52c80cedd4e90108bf4fa6a206ef6b03;garden_tools;110;91;2018-08-18;43;2018-08-13;114;0,3021067974029416;23,64118192659335;44;3,700588730025231
0bcc3eeca39e1064258aa1e932269894;garden_tools;99;82;2018-08-14;48;2018-08-13;114;0,3021067974029416;23,943288723996293;45;3,7846930193439863
6f3b5b605d91b7439c5e3f5a8dffeea7;watches_gifts;113;68;2018-08-18;27;2018-08-13;113;0,2994567377766;24,24274546177289;46;3,8687973086627423
08574b074924071f4e201e151b152b4e;garden_tools;94;78;2018-03-13;39;2018-03-12;110;0,2915065588975752;24,534252020670465;47;3,9529015979814974
84f456958365164420cfc80fbe4c7fab;bed_bath_table;103;84;2018-08-04;39;2018-07-30;108;0,286206439644892;24,820458460315358;48;4,037005887300253
4fe644d766c7566dbc46fb851363cb3b;art;104;73;2018-08-17;29;2018-08-13;105;0,27825626076586724;25,098714721081226;49;4,121110176619007
7ce94ab189134e2d3c05f496d635419c;electronics;103;73;2018-05-20;23;2018-05-14;105;0,27825626076586724;25,376970981847094;50;4,205214465937763
165f86fe8b799a708a20ee4ba125c289;cool_stuff;104;75;2018-04-21;25;2018-04-16;104;0,2756062011395256;25,65257718298662;51;4,289318755256518
78efe838c04bbc568be034082200ac20;furniture_decor;99;82;2018-08-18;36;2018-08-13;100;0,26500596263415926;25,917583145620778;52;4,373423044575273
595fac2a385ac33a80bd5114aec74eb8;perfumery;94;73;2018-08-18;39;2018-08-13;99;0,26235590300781764;26,179939048628597;53;4,457527333894029
880be32f4db1d9f6e2bec38fb6ac23ab;toys;94;85;2018-05-09;49;2018-05-07;99;0,26235590300781764;26,442294951636416;54;4,541631623212783
9ecadb84c81da840dbf3564378b586e9;furniture_decor;46;35;2018-08-07;24;2018-08-06;97;0,2570557837551345;26,69935073539155;55;4,625735912531539
6c3effec7c8ddba466d4f03f982c7aa3;consoles_games;94;70;2018-04-16;30;2018-04-16;97;0,2570557837551345;26,956406519146686;56;4,7098402018502945
29427de7f8a9ee983d9dbc51cec569b4;cool_stuff;96;80;2018-04-20;45;2018-04-16;96;0,2544057241287929;27,21081224327548;57;4,79394449116905
eb8c629f70275fd1c4f809116cce1efc;furniture_decor;45;42;2018-08-17;29;2018-08-13;95;0,2517556645024513;27,46256790777793;58;4,878048780487805
617186c3d97ea56c9c683a8a3974e8c1;perfumery;92;83;2018-04-23;41;2018-04-23;93;0,2464555452497681;27,709023453027697;59;4,96215306980656
43423cdffde7fda63d0414ed38c11a73;watches_gifts;80;63;2018-08-05;35;2018-07-30;93;0,2464555452497681;27,955478998277464;60;5,046257359125315
777d2e438a1b645f3aec9bd57e92672c;bed_bath_table;89;80;2018-08-09;55;2018-08-06;92;0,24380548562342652;28,19928448390089;61;5,130361648444071
cd48f265a63e13b762601f5f794c5fca;drinks;83;64;2018-07-17;29;2018-07-16;92;0,24380548562342652;28,443089969524316;62;5,214465937762826
c6336fa91fbd87c359e44f5dca5a90ed;sports_leisure;79;65;2018-08-16;36;2018-08-13;91;0,24115542599708492;28,6842453955214;63;5,298570227081581
b5e13c9a353102f79c6206ff5cb61a50;toys;82;61;2018-05-27;30;2018-05-21;90;0,23850536637074335;28,922750761892143;64;5,3826745164003365
4fcb3d9a5f4871e8362dfedbdb02b064;auto;89;75;2018-04-18;45;2018-04-16;89;0,23585530674440175;29,158606068636544;65;5,466778805719091
ee406bf28024d97771c4b1e8b7e8e219;cool_stuff;89;73;2018-05-17;33;2018-05-14;89;0,23585530674440175;29,394461375380946;66;5,550883095037848
75d6b6963340c6063f7f4cfcccfe6a30;perfumery;87;70;2018-04-23;38;2018-04-23;89;0,23585530674440175;29,630316682125347;67;5,634987384356602
cac9e5692471a0700418aa3400b9b2b1;baby;87;67;2018-08-11;27;2018-08-06;88;0,23320524711806018;29,863521929243408;68;5,719091673675358
8c292ca193d326152e335d77176746f0;health_beauty;82;67;2018-08-18;34;2018-08-13;88;0,23320524711806018;30,09672717636147;69;5,8031959629941126
4298b7e67dc399c200662b569563a2b2;computers_accessories;77;58;2018-08-04;27;2018-07-30;87;0,23055518749171855;30,327282363853186;70;5,887300252312868
2136c70bbe723d338fab53da3c03e6dc;watches_gifts;84;69;2018-08-11;43;2018-08-06;87;0,23055518749171855;30,557837551344903;71;5,971404541631623
3f14d740544f37ece8a9e7bc8349797e;computers_accessories;78;53;2018-06-16;19;2018-06-11;87;0,23055518749171855;30,78839273883662;72;6,055508830950378
7fb04722aba7a2b632bac8f9819796f3;health_beauty;82;71;2018-07-25;38;2018-07-23;87;0,23055518749171855;31,018947926328337;73;6,139613120269134
dbb67791e405873b259e4656bf971246;computers_accessories;63;43;2018-08-07;14;2018-08-06;86;0,22790512786537695;31,246853054193714;74;6,223717409587889
ee0c1cf2fbeae95205b4aa506f1469f0;perfumery;82;67;2018-08-15;38;2018-08-13;86;0,22790512786537695;31,47475818205909;75;6,307821698906644
0a57f7d2c983bcf8188589a5fea4a8da;watches_gifts;84;50;2018-06-18;24;2018-06-18;86;0,22790512786537695;31,702663309924468;76;6,3919259882254
363218ba55c610b750224f90bdd34be1;bed_bath_table;74;58;2018-08-13;32;2018-08-13;86;0,22790512786537695;31,930568437789844;77;6,476030277544155
fb55982be901439613a95940feefd9ee;stationery;82;58;2018-08-15;31;2018-08-13;84;0,22260500861269378;32,15317344640254;78;6,56013456686291
e44f675b60b3a3a2453ec36421e06f0f;sports_leisure;77;57;2018-08-19;24;2018-08-13;84;0,22260500861269378;32,37577845501524;79;6,644238856181666
d04857e7b4b708ee8b8b9921163edba3;computers_accessories;79;61;2018-08-18;30;2018-08-13;80;0,2120047701073274;32,587783225122564;80;6,72834314550042
bee2e070c39f3dd2f6883a17a5f0da45;computers_accessories;73;48;2018-04-19;20;2018-04-16;79;0,2093547104809858;32,79713793560355;81;6,812447434819176
c9c6fde711572c1ad99ca12728c6af00;telephony;75;50;2018-08-01;17;2018-07-30;79;0,2093547104809858;33,00649264608454;82;6,896551724137931
473795a355d29305c3ea6b156833adf5;perfumery;76;48;2018-04-19;23;2018-04-16;79;0,2093547104809858;33,215847356565526;83;6,980656013456686
a50acd33ba7a8da8e9db65094fa990a4;auto;77;65;2018-04-18;41;2018-04-16;78;0,20670465085464423;33,42255200742017;84;7,064760302775442
5411e9269501a870cabf632f05655131;stationery;74;50;2018-08-12;25;2018-08-06;76;0,20140453160196106;33,62395653902213;85;7,1488645920941964
362b773250263786dd58670d2df42c3b;sports_leisure;49;39;2018-03-22;20;2018-03-19;73;0,19345435272293626;33,81741089174507;86;7,232968881412952
64fb265487de2238627ce43fe8a67efc;bed_bath_table;71;59;2018-08-12;36;2018-08-06;73;0,19345435272293626;34,01086524446801;87;7,317073170731707
18b0e642cbae7251e60a64aa07dd9eb9;computers_accessories;72;57;2018-08-18;27;2018-08-13;73;0,19345435272293626;34,204319597190946;88;7,401177460050462
634256dbcd184b3757ffd7632c9fe52a;health_beauty;53;48;2018-08-19;23;2018-08-13;72;0,19080429309659466;34,39512389028754;89;7,485281749369217
0d85c435fd60b277ffb9e9b0f88f927a;computers_accessories;62;44;2018-08-06;16;2018-08-06;71;0,1881542334702531;34,58327812375779;90;7,5693860386879726
d3c044bd42d84a79e3b0c42662806a48;sports_leisure;47;33;2018-03-03;15;2018-02-26;71;0,1881542334702531;34,77143235722804;91;7,653490328006729
3354a4e684f5e7199f9407db70ccd92b;cool_stuff;70;63;2018-08-15;25;2018-08-13;70;0,1855041738439115;34,95693653107195;92;7,737594617325485
cec09725da5ed01471d9a505e7389d37;sports_leisure;64;56;2018-08-16;36;2018-08-13;70;0,1855041738439115;35,14244070491586;93;7,821698906644239
8ed094bfe076c568f6bb10feada3f75d;office_furniture;49;42;2018-07-08;27;2018-07-02;70;0,1855041738439115;35,32794487875977;94;7,905803195962995
629e019a6f298a83aeecc7877964f935;auto;70;60;2018-08-19;32;2018-08-13;70;0,1855041738439115;35,51344905260368;95;7,9899074852817495
93c902b021a9e594f658ab1b0351602a;electronics;65;59;2018-08-11;29;2018-08-06;70;0,1855041738439115;35,69895322644759;96;8,074011774600505
2948658cb6abc82847412be7201bfc4c;health_beauty;63;28;2018-06-11;10;2018-06-11;68;0,1802040545912283;35,87915728103882;97;8,15811606391926
dab2413ead0edda9967edbc9bda2a64e;telephony;65;52;2018-07-16;24;2018-07-16;68;0,1802040545912283;36,05936133563005;98;8,242220353238014
bd6e6fce9ada76ea2db0f1912e8e478f;bed_bath_table;62;53;2018-08-16;27;2018-08-13;68;0,1802040545912283;36,23956539022128;99;8,32632464255677
ab1f9387c0627dd24000bfbc54fdeee0;electronics;63;53;2018-07-23;27;2018-07-23;68;0,1802040545912283;36,41976944481251;100;8,410428931875526
2a2d22ae30e026f1893083c8405ca522;bed_bath_table;66;55;2018-06-02;34;2018-05-28;67;0,17755399496488672;36,5973234397774;101;8,494533221194281
97017430754804328eb9597b7f85da03;telephony;64;53;2018-08-19;27;2018-08-13;67;0,17755399496488672;36,77487743474229;102;8,578637510513037
24c66f106f642621e524291a895c9032;health_beauty;64;47;2018-08-06;21;2018-08-06;65;0,17225387571220352;36,94713131045449;103;8,66274179983179
1613b819ab5dae53aead2dbb4ebdb378;auto;63;57;2018-08-17;23;2018-08-13;65;0,17225387571220352;37,11938518616669;104;8,746846089150546
b623b7cb05ee3248fbe4a6ecbeed79a4;toys;56;34;2018-06-03;18;2018-05-28;64;0,16960381608586195;37,28898900225255;105;8,830950378469302
f7a17d2c51d9df89a4f1711c4ac17f33;housewares;63;56;2018-05-29;34;2018-05-28;63;0,16695375645952032;37,45594275871207;106;8,915054667788057
5d66715cc928aadd0074f61332698593;electronics;59;57;2018-06-12;33;2018-06-11;63;0,16695375645952032;37,62289651517159;107;8,999158957106811
5f504b3a1c75b73d6151be81eb05bdc9;cool_stuff;63;54;2018-08-15;31;2018-08-13;63;0,16695375645952032;37,78985027163111;108;9,083263246425567
e59dd207c69d86e890febadc796d1078;cool_stuff;61;41;2018-08-16;20;2018-08-13;62;0,16430369683317875;37,95415396846429;109;9,167367535744322
6a8631b72a2f8729b91514db87e771c0;electronics;57;51;2018-08-01;29;2018-07-30;62;0,16430369683317875;38,11845766529747;110;9,251471825063078
44a34214a57dc373dcd80f54c919d006;sports_leisure;48;44;2018-03-11;29;2018-03-05;62;0,16430369683317875;38,28276136213065;111;9,335576114381833
7814c273ab16783d73a9863ebfa8b141;furniture_decor;58;53;2018-08-19;31;2018-08-13;62;0,16430369683317875;38,44706505896383;112;9,419680403700589
41c24b8ce92d1a2cac62db5edfd088b2;watches_gifts;61;41;2018-08-13;17;2018-08-13;61;0,16165363720683715;38,60871869617067;113;9,503784693019345
25f86162fee18735fffdb762dcb10d7c;bed_bath_table;53;45;2018-06-04;34;2018-06-04;61;0,16165363720683715;38,77037233337751;114;9,5878889823381
fbce4c4cb307679d89a3bf3d3bb353b9;bed_bath_table;57;40;2018-08-10;12;2018-08-06;60;0,15900357758049558;38,929375910958;115;9,671993271656856
ea44caac707f7f1325182a538007f838;baby;59;54;2018-05-16;34;2018-05-14;60;0,15900357758049558;39,08837948853849;116;9,75609756097561
a19b6951c75da43aad691622dd2f6abe;furniture_decor;25;24;2018-08-15;21;2018-08-13;60;0,15900357758049558;39,247383066118985;117;9,840201850294365
a9516a079e37a9c9c36b9b78b10169e8;office_furniture;40;36;2018-04-03;25;2018-04-02;59;0,15635351795415398;39,40373658407314;118;9,92430613961312
19421075ae0b585f2dc13ff149e2119d;sports_leisure;45;40;2018-07-16;25;2018-07-16;59;0,15635351795415398;39,56009010202729;119;10,008410428931876
781afe929e3016a667f5f439afd55fce;sports_leisure;48;44;2018-08-09;25;2018-08-06;59;0,15635351795415398;39,71644361998144;120;10,09251471825063
0152f69b6cf919bcdaf117aa8c43e5a2;bed_bath_table;53;47;2018-08-17;27;2018-08-13;59;0,15635351795415398;39,87279713793559;121;10,176619007569386
3eef0cb94ba82de806bb30ab743c7655;office_furniture;26;22;2018-04-25;14;2018-04-23;58;0,15370345832781238;40,0265005962634;122;10,260723296888141
928e52a9ad53a294fdcc91bcf59d1751;housewares;30;29;2018-08-05;14;2018-07-30;58;0,15370345832781238;40,180204054591215;123;10,344827586206897
aba86c093ccdbac75b09111d57e50004;office_furniture;46;40;2018-04-13;28;2018-04-09;57;0,1510533987014708;40,331257453292686;124;10,428931875525652
2fea0f2cec6b6324a277d4a61c2ed2c6;health_beauty;54;29;2018-08-11;7;2018-08-06;57;0,1510533987014708;40,48231085199416;125;10,513036164844406
764292b2b0f73f77a0272be03fdd45f3;furniture_decor;57;53;2018-06-27;31;2018-06-25;57;0,1510533987014708;40,63336425069563;126;10,597140454163162
fc1d8637c0268af3db482c14b7ef8e75;bed_bath_table;54;50;2018-08-07;32;2018-08-06;57;0,1510533987014708;40,7844176493971;127;10,681244743481917
8c5876b1c7768217964f353bc7e64393;telephony;56;50;2018-04-02;29;2018-04-02;57;0,1510533987014708;40,93547104809857;128;10,765349032800673
f35927953ed82e19d06ad3aac2f06353;books_general_interest;54;51;2018-08-08;38;2018-08-06;57;0,1510533987014708;41,08652444680004;129;10,849453322119427
f4f67ccaece962d013a4e1d7dc3a61f7;auto;56;49;2018-03-23;34;2018-03-19;56;0,14840333907512918;41,23492778587517;130;10,933557611438182
a02d0123079f4ae96001ba2010d1a2df;construction_tools_lights;55;46;2018-08-10;28;2018-08-06;56;0,14840333907512918;41,3833311249503;131;11,01766190075694
e9a69340883a438c3f91739d14d3a56d;housewares;53;44;2018-07-13;22;2018-07-09;56;0,14840333907512918;41,53173446402543;132;11,101766190075695
c3ba4e8d3cb30049213b682e751e9d00;watches_gifts;55;49;2018-08-17;33;2018-08-13;56;0,14840333907512918;41,680137803100564;133;11,185870479394449
30ac6df06dc59ad72cf2f158fc2d904c;housewares;46;37;2018-05-11;18;2018-05-07;55;0,1457532794487876;41,825891082549354;134;11,269974768713205
af51d485dc5255ba2e18b21b550156e6;luggage_accessories;54;47;2018-03-14;30;2018-03-12;55;0,1457532794487876;41,971644361998145;135;11,35407905803196
f40876e0ef3cd5f9132b1f16b04b1346;health_beauty;49;44;2018-06-25;27;2018-06-25;55;0,1457532794487876;42,117397641446935;136;11,438183347350716
054515fd15bc1a2029f10de97ffa9120;sports_leisure;44;40;2018-08-18;14;2018-08-13;55;0,1457532794487876;42,263150920895725;137;11,522287636669471
d63c1011f49d98b976c352955b1c4bea;health_beauty;50;47;2018-06-29;29;2018-06-25;54;0,143103219822446;42,40625414071817;138;11,606391925988225
f71f42e2381752836563b70beb542f80;computers_accessories;53;44;2018-05-12;28;2018-05-07;54;0,143103219822446;42,54935736054061;139;11,69049621530698
b114bf337c0626166abe574eee9e3f32;office_furniture;30;29;2018-08-01;20;2018-07-30;54;0,143103219822446;42,692460580363054;140;11,774600504625736
386486367c1f9d4f587a8864ccb6902b;bed_bath_table;48;44;2018-05-21;29;2018-05-21;54;0,143103219822446;42,8355638001855;141;11,858704793944492
ed2067a9c1f79553088a3c67b99a9f97;food;51;49;2018-08-05;25;2018-07-30;54;0,143103219822446;42,97866702000794;142;11,942809083263246
afeeea6271148ee1bb15173b8187c431;telephony;46;37;2018-08-14;21;2018-08-13;53;0,1404531601961044;43,11912018020404;143;12,026913372582001
fbc1488c1a1e72ba175f53ab29a248e8;perfumery;51;43;2018-08-19;24;2018-08-13;53;0,1404531601961044;43,259573340400145;144;12,111017661900757
4520766ec412348b8d4caa5e8a18c464;auto;53;50;2018-08-15;32;2018-08-13;53;0,1404531601961044;43,40002650059625;145;12,195121951219512
2a5806f10d0f00e5ad032dd2e3c8806e;office_furniture;51;48;2018-07-22;33;2018-07-16;53;0,1404531601961044;43,54047966079235;146;12,279226240538268
431d674f9a4fbd0957ecf6ba3fcb6899;telephony;48;33;2018-07-14;15;2018-07-09;53;0,1404531601961044;43,68093282098845;147;12,363330529857022
e03102efbc2229024c89be731f0aedcb;stationery;38;36;2018-07-31;24;2018-07-30;52;0,1378031005697628;43,818735921558215;148;12,447434819175777
2ffdf10e724b958c0f7ea69e97d32f64;watches_gifts;52;47;2018-08-11;24;2018-08-06;52;0,1378031005697628;43,95653902212798;149;12,531539108494533
22c5ddc22ea8cae84fc9917def682dc6;perfumery;51;49;2018-06-07;33;2018-06-04;52;0,1378031005697628;44,09434212269774;150;12,615643397813288
9545d45c37449ccbc376de3a04c66e71;health_beauty;51;48;2018-07-31;34;2018-07-30;52;0,1378031005697628;44,2321452232675;151;12,699747687132042
c7fd13b5e515bffdab855d0812842edb;furniture_decor;30;28;2018-08-01;22;2018-07-30;52;0,1378031005697628;44,369948323837264;152;12,7838519764508
d2f5484cbffe4ca766301b21ab9246dd;computers_accessories;48;44;2018-08-19;30;2018-08-13;51;0,13515304094342123;44,505101364780685;153;12,867956265769553
ddceb6eef6af67e9fbbd4c148dbe5fd9;cool_stuff;50;43;2018-07-30;23;2018-07-30;51;0,13515304094342123;44,64025440572411;154;12,95206055508831
4413a608a42bd21bbf9d5abbd58c249a;cool_stuff;49;41;2018-05-13;21;2018-05-07;50;0,13250298131707963;44,77275738704119;155;13,036164844407065
a35a9f46dcee0a67c8c7ad8493eb4135;computers_accessories;49;44;2018-08-19;36;2018-08-13;50;0,13250298131707963;44,90526036835827;156;13,12026913372582
f264c1d9b20b5e4a340254d0405e613b;cool_stuff;50;46;2018-04-12;31;2018-04-09;50;0,13250298131707963;45,03776334967535;157;13,204373423044574
88dd63919fc9ab693803578a04a20209;computers_accessories;46;29;2018-04-11;10;2018-04-09;50;0,13250298131707963;45,17026633099243;158;13,288477712363331
5b226d7c52f86ac72457617f78cff95d;bed_bath_table;44;36;2018-08-13;23;2018-08-13;49;0,12985292169073803;45,300119252683174;159;13,372582001682085
130482add9fd75ccb6c57ba007694a2d;computers_accessories;47;46;2018-08-15;31;2018-08-13;49;0,12985292169073803;45,429972174373916;160;13,45668629100084
4b96786612ebe7463132fce2c4dca136;housewares;46;38;2018-08-05;27;2018-07-30;49;0,12985292169073803;45,55982509606466;161;13,540790580319594
72172e982e8b92155069e4201c92c0bb;sports_leisure;43;41;2018-04-03;29;2018-04-02;49;0,12985292169073803;45,6896780177554;162;13,624894869638352
7fab1a1472fdd934397068931f63f3ca;toys;48;39;2018-05-14;23;2018-05-14;48;0,12720286206439646;45,81688087981979;163;13,708999158957107
db5efde3ad0cc579b130d71c4b2db522;audio;48;41;2018-04-09;24;2018-04-09;48;0,12720286206439646;45,944083741884185;164;13,793103448275861
703d742887bb9267f89b675608ba7aa0;bed_bath_table;39;31;2018-08-19;15;2018-08-13;48;0,12720286206439646;46,07128660394858;165;13,877207737594619
11fd9d7ba552e1d28872e008acf1e050;cool_stuff;48;45;2018-08-14;38;2018-08-13;48;0,12720286206439646;46,19848946601297;166;13,961312026913372
c1f5307decb89342351bec53668cffd9;telephony;48;43;2018-07-26;25;2018-07-23;48;0,12720286206439646;46,325692328077366;167;14,045416316232128
f1fe595ee7ef768b41bd9b246d13432d;garden_tools;47;45;2018-04-08;20;2018-04-02;47;0,12455280243805486;46,45024513051542;168;14,129520605550884
4aa6014eceb682077f9dc4bffebc05b0;housewares;45;40;2018-06-30;26;2018-06-25;47;0,12455280243805486;46,57479793295347;169;14,213624894869639
8aa6223e400af9c97b07c75993142721;baby;46;45;2018-05-31;31;2018-05-28;47;0,12455280243805486;46,699350735391526;170;14,297729184188393
62d8daeee0db3a60c234c2d1bfd10651;bed_bath_table;39;35;2018-06-18;25;2018-06-18;46;0,12190274281171326;46,82125347820324;171;14,38183347350715
bb42f37fc3d9130e4a4339d24a47dd7c;bed_bath_table;43;38;2018-08-19;27;2018-08-13;46;0,12190274281171326;46,94315622101495;172;14,465937762825904
aa280035c50ba62c746480a59045eec4;toys;46;40;2018-05-09;25;2018-05-07;46;0,12190274281171326;47,065058963826665;173;14,55004205214466
cc971e0365873137b8bef2ebad633e6f;cool_stuff;46;42;2018-04-14;27;2018-04-09;46;0,12190274281171326;47,18696170663838;174;14,634146341463413
1bfb290d7273a442c874dbe74b4abae6;office_furniture;25;25;2018-08-07;20;2018-08-06;46;0,12190274281171326;47,30886444945009;175;14,71825063078217
8317b177579dd27ff068b83205e2169b;cool_stuff;45;37;2018-07-28;24;2018-07-23;46;0,12190274281171326;47,430767192261804;176;14,802354920100925
fe01b643060a6446e59f58e3021e66b3;perfumery;45;23;2018-06-13;12;2018-06-11;46;0,12190274281171326;47,55266993507352;177;14,88645920941968
7f72a8900b3d2fc8fa2635b7836d6e6e;toys;41;34;2018-08-15;22;2018-08-13;45;0,11925268318537167;47,67192261825889;178;14,970563498738434
8562e2c780a345b609e1b802d7e3e4ae;bed_bath_table;43;37;2018-08-10;21;2018-08-06;45;0,11925268318537167;47,79117530144426;179;15,054667788057191
569ffd16f8032478cbeb9800f2e94ba0;furniture_decor;27;26;2018-07-31;23;2018-07-30;45;0,11925268318537167;47,910427984629635;180;15,138772077375945
3e5201fe0d1ba474d9b90152c83c706c;bed_bath_table;43;35;2018-08-09;22;2018-08-06;44;0,11660262355903009;48,02703060818867;181;15,2228763666947
f819f0c84a64f02d3a5606ca95edd272;watches_gifts;44;41;2018-06-16;25;2018-06-11;44;0,11660262355903009;48,1436332317477;182;15,306980656013458
35ebf08a93899d44e756809e11b14754;electronics;40;35;2018-08-18;24;2018-08-13;44;0,11660262355903009;48,26023585530673;183;15,391084945332212
3b0f7951038b105522c2d566b54421f7;telephony;44;35;2018-04-09;11;2018-04-09;44;0,11660262355903009;48,376838478865764;184;15,47518923465097
d5b703c271f43f9c588a6f512a00f77e;toys;44;41;2018-03-15;31;2018-03-12;44;0,11660262355903009;48,493441102424796;185;15,559293523969723
704ef63ad0ac345842ea734060a83db2;bed_bath_table;35;34;2018-07-31;22;2018-07-30;44;0,11660262355903009;48,61004372598383;186;15,643397813288479
7340a3839a1de1e99d149b8cf052a2ec;bed_bath_table;41;40;2018-08-18;30;2018-08-13;44;0,11660262355903009;48,72664634954286;187;15,727502102607232
bdc3291ab242ec1effc8eb0987850268;electronics;36;24;2018-08-11;14;2018-08-06;44;0,11660262355903009;48,84324897310189;188;15,81160639192599
566a4f2c4385f36d15c00dfcaae132d1;electronics;42;39;2018-06-18;22;2018-06-18;44;0,11660262355903009;48,959851596660926;189;15,895710681244744
583f158587cdecda3e8bdea694021e39;sports_leisure;37;33;2018-06-06;17;2018-06-04;44;0,11660262355903009;49,07645422021996;190;15,979814970563499
3db75f31b76375c502f64d550dcd1166;computers_accessories;43;38;2018-03-06;24;2018-03-05;43;0,11395256393268847;49,19040678415265;191;16,063919259882255
dd0dcee76f9c12fff4bc0eb641d57c7f;electronics;38;35;2018-08-05;18;2018-07-30;43;0,11395256393268847;49,30435934808534;192;16,14802354920101
0a4093a4af429dc0a9334300e5c13ae5;health_beauty;39;39;2018-08-05;23;2018-07-30;43;0,11395256393268847;49,418311912018034;193;16,232127838519762
036734b5a58d5d4f46b0616ddc047ced;telephony;43;37;2018-08-01;23;2018-07-30;43;0,11395256393268847;49,532264475950726;194;16,31623212783852
962a6951154f98f2c8e9a5b8b2bcf4a9;furniture_decor;29;24;2018-08-08;14;2018-08-06;43;0,11395256393268847;49,64621703988342;195;16,400336417157273
57e089e3103f5cda6a4ce23b77399bdb;baby;43;39;2018-08-15;30;2018-08-13;43;0,11395256393268847;49,76016960381611;196;16,48444070647603
5d6bea33648f018dbb563f3a2fab09f3;furniture_decor;37;34;2018-08-14;18;2018-08-13;43;0,11395256393268847;49,8741221677488;197;16,568544995794785
e9def91e99c8ecb7c5cef5e31506a056;toys;43;34;2018-03-28;17;2018-03-26;43;0,11395256393268847;49,98807473168149;198;16,65264928511354
82e4ad16521ca131d95e198d507db370;electronics;41;40;2018-07-24;28;2018-07-23;42;0,11130250430634689;50,09937723598784;199;16,736753574432296
727a46f0b58a9ef165af9f7ebcfebfa9;sports_leisure;34;31;2018-08-19;17;2018-08-13;42;0,11130250430634689;50,21067974029418;200;16,82085786375105
3cb39171fd36c50097f2dedbbe0dfe6e;auto;41;38;2018-08-16;20;2018-08-13;42;0,11130250430634689;50,32198224460053;201;16,904962153069807
7564c1759c04fc0a38f2aa84f7a370ee;construction_tools_construction;40;33;2018-08-18;16;2018-08-13;42;0,11130250430634689;50,43328474890687;202;16,989066442388562
173e9fe34bfe97f3a5e6dc57fe897b74;books_technical;41;27;2018-07-04;9;2018-07-02;42;0,11130250430634689;50,544587253213216;203;17,073170731707318
349ce46a0e2e20054aa9d80c48af8816;construction_tools_lights;41;32;2018-08-17;17;2018-08-13;42;0,11130250430634689;50,65588975751956;204;17,157275021026074
63de2743d05ab59d85caa49e49459ac1;health_beauty;35;32;2018-07-16;21;2018-07-16;42;0,11130250430634689;50,767192261825905;205;17,24137931034483
d04bbac48960ecb7ea311b00ca6e1cb7;industry_commerce_and_business;40;35;2018-08-16;20;2018-08-13;41;0,1086524446800053;50,87584470650591;206;17,32548359966358
a5341e3f8155dbb3e62323d3ea289729;furniture_decor;41;37;2018-08-14;28;2018-08-13;41;0,1086524446800053;50,98449715118591;207;17,40958788898234
b8b426747049f2d3d6e00b486d47dedb;health_beauty;40;36;2018-08-02;27;2018-07-30;41;0,1086524446800053;51,09314959586592;208;17,493692178301092
e1da6ab77f4859eb17950e5df1c0f815;pet_shop;28;23;2018-07-23;20;2018-07-23;41;0,1086524446800053;51,20180204054592;209;17,577796467619848
a4aa7c1427c31344e5f7cc3d839fe562;pet_shop;40;36;2018-08-13;28;2018-08-13;40;0,1060023850536637;51,307804425599585;210;17,661900756938604
fe6a9515d655fa7936b8a7c841039f34;cool_stuff;37;33;2018-07-01;19;2018-06-25;40;0,1060023850536637;51,41380681065325;211;17,74600504625736
7d50930301709838d8e90dcac5cfaa84;sports_leisure;39;29;2018-07-09;16;2018-07-09;40;0,1060023850536637;51,51980919570691;212;17,830109335576115
73bcea88583002fe12b7399af4ae60da;watches_gifts;40;32;2018-08-11;20;2018-08-06;40;0,1060023850536637;51,625811580760576;213;17,91421362489487
921d31a1daa51460b7a95ea5f3ab64d5;health_beauty;38;32;2018-06-17;18;2018-06-11;40;0,1060023850536637;51,73181396581424;214;17,998317914213622
9d8a0e115e802d845b4ce1eb794d1260;sports_leisure;39;34;2018-05-03;22;2018-04-30;40;0,1060023850536637;51,837816350867904;215;18,08242220353238
d2085f7e0f9533605386960fc7e987ec;garden_tools;15;15;2018-08-08;13;2018-08-06;40;0,1060023850536637;51,94381873592157;216;18,166526492851133
1ec486885049bbb9b79351d150ed18c4;fashion_bags_accessories;40;37;2018-06-03;26;2018-05-28;40;0,1060023850536637;52,04982112097523;217;18,250630782169893
9ad75bd7267e5c724cb42c71ac56ca72;bed_bath_table;39;27;2018-05-15;17;2018-05-14;40;0,1060023850536637;52,155823506028895;218;18,334735071488645
a6ad77b15e566298a4e8ee2011ab1255;furniture_decor;19;18;2018-08-07;16;2018-08-06;40;0,1060023850536637;52,26182589108256;219;18,4188393608074
65266b2da20d04dbe00c5c2d3bb7859e;stationery;31;28;2018-07-24;22;2018-07-23;40;0,1060023850536637;52,36782827613622;220;18,502943650126156
50fd2b788dc166edd20512370dac54df;electronics;33;29;2018-06-11;19;2018-06-11;40;0,1060023850536637;52,473830661189886;221;18,58704793944491
553e0e7590d3116a072507a3635d2877;bed_bath_table;37;33;2018-06-18;23;2018-06-18;39;0,10335232542732212;52,57718298661721;222;18,671152228763667
2ff995aead9c63a1f37a07b3664ead37;furniture_living_room;35;27;2018-08-19;13;2018-08-13;39;0,10335232542732212;52,68053531204453;223;18,755256518082422
6803077179d24889430188e03fafd31a;electronics;38;36;2018-06-03;26;2018-05-28;39;0,10335232542732212;52,78388763747186;224;18,839360807401178
177d3d5bb9d4d29222a222e3b3554f41;stationery;39;37;2018-08-10;21;2018-08-06;39;0,10335232542732212;52,88723996289918;225;18,923465096719934
f8b624d4e475bb8d1bddf1b65c6a64f6;housewares;39;28;2018-08-07;16;2018-08-06;39;0,10335232542732212;52,9905922883265;226;19,00756938603869
69455f41626a745aea9ee9164cb9eafd;watches_gifts;38;31;2018-08-16;15;2018-08-13;39;0,10335232542732212;53,09394461375383;227;19,09167367535744
53ea9da485f6aed8a6f03a85831fe021;watches_gifts;39;34;2018-06-09;19;2018-06-04;39;0,10335232542732212;53,19729693918115;228;19,1757779646762
c7b3cf9de7be95b3e09e7a63315685eb;luggage_accessories;35;32;2018-06-25;24;2018-06-25;38;0,10070226580098053;53,29799920498213;229;19,259882253994952
a59fb60fddcc72a9878b7ed5cb69d8e4;audio;36;33;2018-08-07;21;2018-08-06;38;0,10070226580098053;53,39870147078312;230;19,34398654331371
c211ff3068fcd2f8898192976d8b3a32;bed_bath_table;34;32;2018-07-22;25;2018-07-16;38;0,10070226580098053;53,4994037365841;231;19,428090832632464
e5ae72c62ebfa708624f5029d609b160;computers_accessories;34;30;2018-08-06;23;2018-08-06;38;0,10070226580098053;53,60010600238508;232;19,51219512195122
25c38557cf793876c5abdd5931f922db;baby;38;33;2018-04-30;17;2018-04-30;38;0,10070226580098053;53,700808268186066;233;19,596299411269975
aadff88486740e0b0ebe2be6c09476ae;health_beauty;38;34;2018-08-10;26;2018-08-06;38;0,10070226580098053;53,80151053398705;234;19,68040370058873
ca5c923962558430573f83661dbe36d6;pet_shop;36;33;2018-08-14;27;2018-08-13;37;0,09805220617463892;53,899562740161684;235;19,764507989907486
1600dcf1cea8c0c83702e07b577ab231;watches_gifts;35;34;2018-08-16;25;2018-08-13;37;0,09805220617463892;53,99761494633632;236;19,84861227922624
7c4a8bec217df1de0df2b5aaf8175b65;audio;36;31;2018-08-09;19;2018-08-06;37;0,09805220617463892;54,095667152510956;237;19,932716568544993
f7f59e6186e10983a061ac7bdb3494d6;housewares;26;26;2018-08-14;19;2018-08-13;37;0,09805220617463892;54,19371935868559;238;20,016820857863753
9bb8ca338e5588c361e34eae02e8fad6;health_beauty;32;25;2018-03-12;12;2018-03-12;37;0,09805220617463892;54,29177156486023;239;20,100925147182505
3225c54bb2785c33f49f50398fcdb88c;watches_gifts;37;35;2018-06-25;24;2018-06-25;37;0,09805220617463892;54,38982377103486;240;20,18502943650126
10717ff440b2320081989126e858b220;bed_bath_table;29;27;2018-05-28;17;2018-05-28;37;0,09805220617463892;54,4878759772095;241;20,269133725820016
593236d0ff46b4299b4787fb8d43f7f0;industry_commerce_and_business;27;25;2018-07-18;18;2018-07-16;37;0,09805220617463892;54,585928183384134;242;20,35323801513877
6109d0cae3bcb57d579bc0fab6e61814;luggage_accessories;37;29;2018-06-11;17;2018-06-11;37;0,09805220617463892;54,68398038955877;243;20,43734230445753
c92f0e7b9d49a9543558d6532772441b;luggage_accessories;32;31;2018-05-21;23;2018-05-21;36;0,09540214654829733;54,779382536107065;244;20,521446593776282
474bb6b54fc608ca71059a6c4f7ecda3;electronics;26;25;2018-07-17;18;2018-07-16;36;0,09540214654829733;54,87478468265536;245;20,605550883095038
186fe07c8b8005ec6a498587ffbc1352;watches_gifts;34;31;2018-07-28;26;2018-07-23;36;0,09540214654829733;54,970186829203655;246;20,689655172413794
a237de12bdf0bfe4fe220bae65a89731;furniture_decor;30;26;2018-03-30;20;2018-03-26;36;0,09540214654829733;55,06558897575195;247;20,77375946173255
08a58dc963320d6073623382b9ceb920;computers_accessories;35;31;2018-08-17;21;2018-08-13;36;0,09540214654829733;55,160991122300246;248;20,857863751051305
be837f2e0152a208d4386f4126d5bd7c;home_appliances;34;33;2018-07-20;18;2018-07-16;36;0,09540214654829733;55,25639326884854;249;20,94196804037006
fb7a100ec8c7b34f60cec22b1a9a10e0;toys;35;32;2018-06-05;24;2018-06-04;36;0,09540214654829733;55,351795415396836;250;21,026072329688812
380b4664ba5bb18cc9db78ee6bac3558;watches_gifts;34;33;2018-08-18;26;2018-08-13;36;0,09540214654829733;55,44719756194513;251;21,11017661900757
dc52f0f5d3ec37a93eaf956cde4e5d2c;watches_gifts;36;34;2018-08-05;27;2018-07-30;36;0,09540214654829733;55,54259970849343;252;21,194280908326323
216bb0e0cd43ffd832e0973d35e0377e;construction_tools_lights;21;17;2018-06-24;8;2018-06-18;36;0,09540214654829733;55,63800185504172;253;21,27838519764508
94475071013412139f862c0bd7e3bb37;stationery;35;30;2018-08-10;23;2018-08-06;36;0,09540214654829733;55,73340400159002;254;21,362489486963835
57f2bc497c1a3ebe41ba7a06d78ed159;watches_gifts;36;32;2018-08-16;19;2018-08-13;36;0,09540214654829733;55,82880614813831;255;21,44659377628259
909b87db6cb3a7ab26bd03cc59860136;computers_accessories;29;24;2018-08-09;18;2018-08-06;36;0,09540214654829733;55,92420829468661;256;21,530698065601346
87a71ae93900ab55fcf685c8040769b3;electronics;31;27;2018-06-25;21;2018-06-25;36;0,09540214654829733;56,0196104412349;257;21,6148023549201
4ce9ab528124f89e091b17d11aa2e97c;computers_accessories;35;30;2018-08-07;20;2018-08-06;35;0,09275208692195575;56,11236252815686;258;21,698906644238853
6cc44821f36f3156c782da72dd634e47;bed_bath_table;30;24;2018-06-22;17;2018-06-18;35;0,09275208692195575;56,20511461507881;259;21,783010933557613
af2d506fb01b724e03591349ad36b67e;baby;35;30;2018-08-19;20;2018-08-13;35;0,09275208692195575;56,29786670200077;260;21,867115222876365
c20a3f598c16d77249da67e81caa8317;housewares;30;24;2018-08-17;17;2018-08-13;35;0,09275208692195575;56,39061878892272;261;21,951219512195124
c2ece64199af7a53793ed9612a89a8cd;furniture_decor;32;29;2018-06-11;21;2018-06-11;35;0,09275208692195575;56,48337087584468;262;22,03532380151388
5328338cfaa16ba10561cd970c73ca11;cool_stuff;35;33;2018-08-01;25;2018-07-30;35;0,09275208692195575;56,57612296276663;263;22,11942809083263
16679d68bdbed3fb97af806424d7f2b7;health_beauty;16;15;2018-06-12;11;2018-06-11;35;0,09275208692195575;56,66887504968859;264;22,20353238015139
41db6d8062fcd38410c699743ccc0265;telephony;35;29;2018-08-11;18;2018-08-06;35;0,09275208692195575;56,76162713661054;265;22,287636669470142
a39cc58c1b5926b6f9f378daa89f1315;home_construction;35;29;2018-08-14;16;2018-08-13;35;0,09275208692195575;56,8543792235325;266;22,371740958788898
dfb97c88e066dc22165f31648efe1312;auto;34;33;2018-04-02;27;2018-04-02;35;0,09275208692195575;56,94713131045445;267;22,455845248107654
93a12c289ca2b78e7069e469f5053ef2;computers_accessories;33;22;2018-08-06;16;2018-08-06;35;0,09275208692195575;57,03988339737641;268;22,53994953742641
cb81df0e3ccece253557f2a07df4727e;sports_leisure;31;30;2018-07-21;18;2018-07-16;35;0,09275208692195575;57,13263548429836;269;22,624053826745165
f646af315b0f3a597f69213537ca2199;furniture_decor;21;20;2018-07-30;15;2018-07-30;35;0,09275208692195575;57,22538757122032;270;22,70815811606392
87283a98b24f9f1ac3a31b631073cf47;fashion_bags_accessories;34;33;2018-07-24;29;2018-07-23;35;0,09275208692195575;57,31813965814227;271;22,792262405382672
1dec4c88c685d5a07bf01dcb0f8bf9f8;auto;35;28;2018-05-12;13;2018-05-07;35;0,09275208692195575;57,41089174506423;272;22,87636669470143
8b50a72d52d7a91fb19d19fbe069e2f2;housewares;26;24;2018-08-16;14;2018-08-13;34;0,09010202729561415;57,50099377235984;273;22,960470984020183
0cf41187284d7f099adc8415a743ebbd;baby;32;31;2018-08-06;24;2018-08-06;34;0,09010202729561415;57,591095799655456;274;23,044575273338943
4cd6ba4ea3112de8fc238307c4dc6307;bed_bath_table;25;24;2018-06-02;19;2018-05-28;34;0,09010202729561415;57,68119782695107;275;23,128679562657695
ecbe1ef7e2903ff8b1d704ba78fa264d;sports_leisure;23;21;2018-05-03;15;2018-04-30;34;0,09010202729561415;57,771299854246685;276;23,21278385197645
b192be433004cc1f10b467c0e9ea309b;computers_accessories;26;22;2018-08-17;9;2018-08-13;34;0,09010202729561415;57,8614018815423;277;23,296888141295206
a8075470f960215ffb67624782f80fec;garden_tools;33;31;2018-08-15;23;2018-08-13;34;0,09010202729561415;57,951503908837914;278;23,38099243061396
83b00325c13c44245b2c3a2befa62a0e;baby;33;31;2018-05-16;23;2018-05-14;33;0,08745196766927256;58,03895587650719;279;23,465096719932717
7f4e034245e45549110139d1de248f83;baby;33;29;2018-08-17;21;2018-08-13;33;0,08745196766927256;58,12640784417646;280;23,549201009251473
027cdd14a677a5834bc67a9789db5021;perfumery;32;24;2018-08-15;11;2018-08-13;33;0,08745196766927256;58,21385981184574;281;23,633305298570225
05a9dadb8402b6b7ae3dd28f7da187b5;computers_accessories;33;29;2018-05-14;15;2018-05-14;33;0,08745196766927256;58,30131177951501;282;23,717409587888984
55b71bf300a2765a382eaec566df531f;sports_leisure;33;29;2018-08-04;21;2018-07-30;33;0,08745196766927256;58,388763747184285;283;23,80151387720774
5b3b5f9ae84ca9ead3138b199420cc94;toys;31;25;2018-06-30;13;2018-06-25;33;0,08745196766927256;58,47621571485356;284;23,88561816652649
72d3bf1d3a790f8874096fcf860e3eff;toys;29;25;2018-08-13;18;2018-08-13;33;0,08745196766927256;58,56366768252283;285;23,96972245584525
2b7aa376a6e728560bddb5558cc48e89;office_furniture;21;19;2018-04-16;12;2018-04-16;33;0,08745196766927256;58,65111965019211;286;24,053826745164002
b8a0d73b2a06e7910d9864dccdb0cda2;health_beauty;29;25;2018-06-06;13;2018-06-04;33;0,08745196766927256;58,73857161786138;287;24,137931034482758
7d854ab97c64ef9df2bbfaf332765786;cool_stuff;31;31;2018-04-05;22;2018-04-02;33;0,08745196766927256;58,826023585530656;288;24,222035323801514
6bbe55cf8f85c87b6eebb775a53402f4;tablets_printing_image;32;26;2018-06-09;21;2018-06-04;33;0,08745196766927256;58,91347555319993;289;24,30613961312027
810e2944bca9850b934e1570ba372e7d;furniture_decor;26;24;2018-08-13;12;2018-08-13;33;0,08745196766927256;59,000927520869205;290;24,390243902439025
fe077ec80df6b4ee60bb4498d5ab1962;computers_accessories;31;30;2018-08-19;21;2018-08-13;33;0,08745196766927256;59,08837948853848;291;24,47434819175778
283dc451ad3918badb976d56ff887289;bed_bath_table;32;30;2018-08-15;26;2018-08-13;33;0,08745196766927256;59,17583145620775;292;24,558452481076536
e4d325bd1eea550509bdbbc5c3301fc1;perfumery;33;30;2018-08-15;23;2018-08-13;33;0,08745196766927256;59,26328342387703;293;24,64255677039529
e5eadf9be70a4a9fa514019542fc330a;home_appliances;33;24;2018-06-27;16;2018-06-25;33;0,08745196766927256;59,3507353915463;294;24,726661059714043
44fded21627553d1886d459384bbce06;electronics;30;27;2018-06-08;16;2018-06-04;33;0,08745196766927256;59,438187359215576;295;24,810765349032803
4cc8bfa581f41841ce5e24aba773a44a;bed_bath_table;32;29;2018-08-08;15;2018-08-06;33;0,08745196766927256;59,52563932688485;296;24,894869638351555
67bd616e1ba0d3d3e8545f3113b0140d;health_beauty;26;25;2018-08-19;16;2018-08-13;33;0,08745196766927256;59,613091294554124;297;24,97897392767031
b0c8da302d49498d2ce6be8c631e4e20;computers_accessories;25;23;2018-08-02;14;2018-07-30;32;0,08480190804293097;59,69789320259706;298;25,063078216989066
086351823300e0339f6955b27998c186;bed_bath_table;23;21;2018-06-29;15;2018-06-25;32;0,08480190804293097;59,78269511063999;299;25,147182506307818
f2e53dd1670f3c376518263b3f71424d;bed_bath_table;28;26;2018-07-21;20;2018-07-16;32;0,08480190804293097;59,867497018682926;300;25,231286795626577
99f265229d46f700208ad7cb1ff48aae;telephony;30;24;2018-04-20;11;2018-04-16;32;0,08480190804293097;59,95229892672586;301;25,315391084945333
ce6f74096c84567f22728c84f3d6e7fc;bed_bath_table;32;30;2018-08-18;22;2018-08-13;32;0,08480190804293097;60,03710083476879;302;25,399495374264085
719d571299707561c34ba04ab867b32a;health_beauty;28;26;2018-06-30;17;2018-06-25;32;0,08480190804293097;60,12190274281173;303;25,483599663582844
b38b25d838ae0b8385e8cc68b9017644;health_beauty;32;30;2018-08-14;19;2018-08-13;32;0,08480190804293097;60,20670465085466;304;25,5677039529016
25e2023ed83352bde98dc1490d14c3d8;toys;30;19;2018-08-06;12;2018-08-06;32;0,08480190804293097;60,291506558897595;305;25,651808242220355
11dcc970f7a5581e1bf777b6da3f7096;housewares;30;29;2018-08-11;17;2018-08-06;32;0,08480190804293097;60,37630846694053;306;25,735912531539107
657247f6f60543b93e3cc708a8e6329c;luggage_accessories;32;27;2018-03-07;17;2018-03-05;32;0,08480190804293097;60,46111037498346;307;25,820016820857866
ccadfeab525a9eb1569983b66e5075c4;fashion_bags_accessories;31;23;2018-06-24;18;2018-06-18;32;0,08480190804293097;60,5459122830264;308;25,90412111017662
51f876eb62be778c757503cf7f8a3b74;health_beauty;22;21;2018-06-13;14;2018-06-11;32;0,08480190804293097;60,63071419106933;309;25,988225399495374
1a080577618e7fe4d9ddd8fb2b47a964;watches_gifts;32;28;2018-07-19;21;2018-07-16;32;0,08480190804293097;60,715516099112264;310;26,07232968881413
81288df52439985f610be64465e53f57;sports_leisure;31;28;2018-05-10;18;2018-05-07;32;0,08480190804293097;60,8003180071552;311;26,15643397813289
7b85e3deef35afd6ebed5461ee8f0641;computers_accessories;32;23;2018-04-03;12;2018-04-02;32;0,08480190804293097;60,88511991519813;312;26,24053826745164
060c17562f97e5bb60bc0dfa4dd5b3f2;computers_accessories;28;26;2018-08-17;18;2018-08-13;32;0,08480190804293097;60,969921823241066;313;26,324642556770396
16ed6a6e3fce23b741650437fe58d65b;housewares;31;30;2018-08-18;26;2018-08-13;31;0,08215184841658937;61,05207367165765;314;26,408746846089148
6adab229374835b551f6402e0dc53267;pet_shop;31;27;2018-08-17;17;2018-08-13;31;0,08215184841658937;61,13422552007424;315;26,492851135407907
044f05bc9de36e8a693a83e4bc79dd0d;telephony;31;30;2018-07-30;22;2018-07-30;31;0,08215184841658937;61,216377368490825;316;26,576955424726663
91b08d34d0ba4db44da2dc382867ba49;telephony;27;27;2018-08-09;21;2018-08-06;31;0,08215184841658937;61,29852921690741;317;26,661059714045415
d6fe3b4ddecd4a8393c6a1385de3bfb6;office_furniture;19;19;2018-03-30;14;2018-03-26;31;0,08215184841658937;61,380681065324;318;26,74516400336417
5bfc7506459ae2a7b4b573fe557a58e1;bed_bath_table;31;31;2018-08-03;25;2018-07-30;31;0,08215184841658937;61,462832913740584;319;26,82926829268293
c403e106353e1aa40efe783ecb39ed7a;bed_bath_table;24;24;2018-06-21;20;2018-06-18;30;0,07950178879024779;61,54233470253083;320;26,91337258200168
e8316a4667e5870c85e906b1f062bde1;office_furniture;18;17;2018-04-03;13;2018-04-02;30;0,07950178879024779;61,621836491321076;321;26,997476871320437
827c4a77226a3e7ef259d61eaa775df9;furniture_decor;19;18;2018-08-19;17;2018-08-13;30;0,07950178879024779;61,70133828011132;322;27,08158116063919
98a8c2fa16d7239c606640f5555768e4;garden_tools;27;27;2018-07-08;19;2018-07-02;30;0,07950178879024779;61,78084006890157;323;27,165685449957948
4b703444923b5e57bb73ba343f5ebab7;bed_bath_table;22;21;2018-07-10;14;2018-07-09;30;0,07950178879024779;61,860341857691814;324;27,249789739276704
500870614ddcf5bd84f7d26861026c8a;telephony;30;25;2018-08-19;12;2018-08-13;30;0,07950178879024779;61,93984364648206;325;27,333894028595456
b92a7304ebad1ca5b393b53b2de5c70a;office_furniture;29;29;2018-08-07;24;2018-08-06;30;0,07950178879024779;62,01934543527231;326;27,417998317914215
0bbdc963004d9b2fd3427ee3c5ae3608;sports_leisure;26;21;2018-08-06;17;2018-08-06;30;0,07950178879024779;62,09884722406255;327;27,50210260723297
817e1c2d22418c36386406ccacfa53e8;furniture_decor;30;28;2018-08-19;26;2018-08-13;30;0,07950178879024779;62,1783490128528;328;27,586206896551722
abc3432ff825d8e524db1d4eac6d2099;telephony;28;25;2018-08-16;19;2018-08-13;30;0,07950178879024779;62,257850801643045;329;27,670311185870478
b99e4f4fa3f421e0ffbd512d9f152dec;electronics;28;28;2018-03-13;19;2018-03-12;30;0,07950178879024779;62,33735259043329;330;27,754415475189237
a0b7d5a992ccda646f2d34e418fff5a0;furniture_decor;30;28;2018-08-02;20;2018-07-30;30;0,07950178879024779;62,41685437922354;331;27,83851976450799
44d097d59e8430f88a67517cd0c4f865;fashion_bags_accessories;30;29;2018-08-10;24;2018-08-06;30;0,07950178879024779;62,49635616801378;332;27,922624053826745
c5b72065154ec27c2d1ed8a654c3348f;watches_gifts;29;24;2018-05-10;14;2018-05-07;30;0,07950178879024779;62,57585795680403;333;28,006728343145497
d7d5562fce331ad958ca6f57057b3526;cool_stuff;29;29;2018-04-15;22;2018-04-09;29;0,07685172916390619;62,652709685967935;334;28,090832632464256
f731f8587d4088c174397e010cf892a9;perfumery;28;26;2018-04-12;20;2018-04-09;29;0,07685172916390619;62,72956141513184;335;28,17493692178301
0e2d365a247d105fefc31b17ab8706d9;perfumery;28;27;2018-08-16;17;2018-08-13;29;0,07685172916390619;62,806413144295746;336;28,259041211101767
77cc62dc80ebe12a0452d1ce0565acdc;sports_leisure;27;27;2018-03-14;20;2018-03-12;29;0,07685172916390619;62,88326487345965;337;28,34314550042052
64fb13596caf118c438edc5c6ed2d50a;computers_accessories;24;18;2018-08-17;10;2018-08-13;29;0,07685172916390619;62,96011660262356;338;28,427249789739278
c3097e07a0a5de0d4b4c836d90c5a284;electronics;28;24;2018-07-27;18;2018-07-23;29;0,07685172916390619;63,03696833178746;339;28,511354079058034
679a3e5e1d2bb68982be5734c6e55e63;home_construction;27;26;2018-05-21;17;2018-05-21;29;0,07685172916390619;63,11382006095137;340;28,595458368376786
aa8d88eb4b9cb38894e33fa624c4287f;watches_gifts;29;28;2018-08-14;20;2018-08-13;29;0,07685172916390619;63,190671790115275;341;28,67956265769554
0705b33fb285827a578fce4899f1b921;sports_leisure;29;27;2018-06-16;18;2018-06-11;29;0,07685172916390619;63,26752351927918;342;28,7636669470143
32e18e89237933ebdaaebd78a27e7fa1;housewares;11;11;2018-07-25;11;2018-07-23;29;0,07685172916390619;63,344375248443086;343;28,847771236333053
57d79905de06d8897872c551bfd09358;telephony;28;27;2018-07-20;19;2018-07-16;29;0,07685172916390619;63,42122697760699;344;28,931875525651808
d04e48982547095af81c231c3d581cb6;watches_gifts;28;25;2018-07-07;17;2018-07-02;29;0,07685172916390619;63,4980787067709;345;29,015979814970567
6a1a04054158fe995e1688d8f79605b2;sports_leisure;25;20;2018-07-23;10;2018-07-23;29;0,07685172916390619;63,5749304359348;346;29,10008410428932
ac44def10e24998cdee20a208d691127;bed_bath_table;27;25;2018-06-26;17;2018-06-25;28;0,07420166953756459;63,64913210547237;347;29,184188393608075
bce474cc95b6e77657e10939b0b4248c;watches_gifts;28;25;2018-08-15;15;2018-08-13;28;0,07420166953756459;63,723333775009934;348;29,268292682926827
e94df75b2e9a8b056be0c144a731f55c;pet_shop;27;26;2018-08-13;24;2018-08-13;28;0,07420166953756459;63,7975354445475;349;29,352396972245586
55782cb82e0efe052da0a3da237da3b2;auto;27;24;2018-08-16;14;2018-08-13;28;0,07420166953756459;63,871737114085064;350;29,43650126156434
5dee2c14e1989141e15d341d4c62d72a;sports_leisure;28;21;2018-05-05;11;2018-04-30;28;0,07420166953756459;63,94593878362263;351;29,520605550883094
bdcf6a834e8faa30dac3886c7a58e92e;health_beauty;27;20;2018-08-01;9;2018-07-30;28;0,07420166953756459;64,0201404531602;352;29,60470984020185
c075b8e131353552218860f1c421e4ef;kitchen_dining_laundry_garden_furniture;26;25;2018-08-05;19;2018-07-30;28;0,07420166953756459;64,09434212269775;353;29,68881412952061
acc444eb5ad26f79d5a11baa6a03c439;furniture_decor;22;20;2018-08-08;17;2018-08-06;28;0,07420166953756459;64,16854379223531;354;29,77291841883936
8a443635fdf9759915c9be5be2e3b862;bed_bath_table;27;26;2018-05-30;20;2018-05-28;28;0,07420166953756459;64,24274546177287;355;29,857022708158116
86c43103446290e7efacad3701cd654d;watches_gifts;27;27;2018-07-20;22;2018-07-16;28;0,07420166953756459;64,31694713131043;356;29,941126997476868
75c06ee06b201f9b6301d2b5e72993f8;perfumery;28;27;2018-04-12;18;2018-04-09;28;0,07420166953756459;64,39114880084799;357;30,025231286795627
9f1c3e71d56894398a42b050b07f1baa;cool_stuff;18;17;2018-08-05;12;2018-07-30;27;0,071551609911223;64,46270041075921;358;30,109335576114383
4ac50dbde931c0a5ed8c33d3dc047351;health_beauty;26;26;2018-08-16;22;2018-08-13;27;0,071551609911223;64,53425202067044;359;30,193439865433135
404a57563d487aecbc2b1a01d9b89aab;bed_bath_table;24;23;2018-05-28;22;2018-05-28;27;0,071551609911223;64,60580363058166;360;30,27754415475189
5526b1ae9ab2688cf600783cece249df;computers_accessories;22;20;2018-06-22;11;2018-06-18;27;0,071551609911223;64,67735524049289;361;30,36164844407065
30ccf4724f5227265f837e9ba0246278;luggage_accessories;26;24;2018-05-01;18;2018-04-30;27;0,071551609911223;64,74890685040411;362;30,4457527333894
23bcd6822a33df5534f9b290216eec1f;toys;27;25;2018-06-20;17;2018-06-18;27;0,071551609911223;64,82045846031534;363;30,529857022708157
ee6c49af1a2de55aa0e076257ab4ab99;computers_accessories;25;15;2018-08-03;11;2018-07-30;27;0,071551609911223;64,89201007022656;364;30,613961312026916
372645c7439f9661fbbacfd129aa92ec;bed_bath_table;22;19;2018-07-19;17;2018-07-16;27;0,071551609911223;64,96356168013779;365;30,698065601345668
3e442d09f9dfef002aadf31960869f65;computers_accessories;27;25;2018-08-19;23;2018-08-13;27;0,071551609911223;65,03511329004901;366;30,782169890664424
990d135e28e075648cb7d83198fdccf4;baby;21;20;2018-08-19;11;2018-08-13;27;0,071551609911223;65,10666489996024;367;30,86627417998318
71a5f1c2a5fd9889ef26b5ac22aec9c6;furniture_decor;27;26;2018-07-28;18;2018-07-23;27;0,071551609911223;65,17821650987146;368;30,95037846930194
6a23ae3187f1dac41b7210a8c7739d6b;furniture_decor;11;11;2018-08-11;10;2018-08-06;27;0,071551609911223;65,24976811978269;369;31,03448275862069
ffc9caf33e2d1e9f44e3e06da19085f7;health_beauty;26;22;2018-08-03;13;2018-07-30;27;0,071551609911223;65,32131972969391;370;31,118587047939446
e2bb00220a167d9e60b6776ac33717bc;watches_gifts;26;26;2018-08-19;20;2018-08-13;27;0,071551609911223;65,39287133960514;371;31,202691337258198
6a2909ac21d16b721e4795e7e8ff3e68;sports_leisure;24;20;2018-03-29;11;2018-03-26;27;0,071551609911223;65,46442294951636;372;31,286795626576957
cc5447118c174dcc6456c84ccb29e6f7;perfumery;24;23;2018-07-31;18;2018-07-30;27;0,071551609911223;65,53597455942759;373;31,370899915895713
914c9e9af640dd56f48764a225b00f89;office_furniture;24;24;2018-08-01;21;2018-07-30;26;0,0689015502848814;65,60487610971246;374;31,455004205214465
d678178aa4291cd25a755a90188375c8;furniture_decor;14;14;2018-08-01;12;2018-07-30;26;0,0689015502848814;65,67377765999734;375;31,53910849453322
1a758361b1c10b3ffe3d3373332de319;sports_leisure;25;24;2018-08-17;16;2018-08-13;26;0,0689015502848814;65,74267921028222;376;31,62321278385198
2083a6feb4bbb31f6abc92fc24e468c0;telephony;18;18;2018-05-31;16;2018-05-28;26;0,0689015502848814;65,8115807605671;377;31,70731707317073
167b4b8c4bd0c401bea62f5e050d70a4;computers_accessories;20;20;2018-03-28;15;2018-03-26;26;0,0689015502848814;65,88048231085197;378;31,791421362489487
017692475c1c954ff597feda05131d73;perfumery;24;24;2018-04-25;18;2018-04-23;26;0,0689015502848814;65,94938386113685;379;31,87552565180824
5403528d987ad26e8d7cb25940411987;watches_gifts;26;25;2018-08-19;15;2018-08-13;26;0,0689015502848814;66,01828541142173;380;31,959629941126998
68bf2e76db1d8e846042e54da87399ca;bed_bath_table;26;24;2018-06-06;19;2018-06-04;26;0,0689015502848814;66,0871869617066;381;32,04373423044575
51ce083cd2b9078656a94655ab45b8a4;bed_bath_table;24;24;2018-08-10;19;2018-08-06;26;0,0689015502848814;66,15608851199148;382;32,12783851976451
c72edc98e7d77f0c4c04ec80730c05f5;sports_leisure;26;24;2018-08-04;16;2018-07-30;26;0,0689015502848814;66,22499006227636;383;32,21194280908327
4178e16324fd0c9a8e18463caf390cc6;cool_stuff;24;24;2018-08-15;18;2018-08-13;26;0,0689015502848814;66,29389161256124;384;32,29604709840202
ec5b3c8bb77ad22278f6e9d719a83de3;home_comfort_2;20;20;2018-07-28;17;2018-07-23;26;0,0689015502848814;66,36279316284612;385;32,38015138772077
be0dbdc3d67d55727a65d4cd696ca73c;computers_accessories;17;15;2018-08-11;10;2018-08-06;26;0,0689015502848814;66,431694713131;386;32,464255677039525
13db47eae724e2848e12b71a617a3a41;audio;26;20;2018-04-27;9;2018-04-23;26;0,0689015502848814;66,50059626341587;387;32,548359966358284
f908d3bf313a1308bfb2a46ea2685347;toys;24;24;2018-06-02;20;2018-05-28;26;0,0689015502848814;66,56949781370075;388;32,63246425567704
cadb69af336c16aba5c5223599821245;electronics;25;25;2018-07-01;19;2018-06-25;26;0,0689015502848814;66,63839936398563;389;32,716568544995795
4deb009c36a910076a023947a7929201;consoles_games;15;13;2018-08-06;11;2018-08-06;26;0,0689015502848814;66,7073009142705;390;32,80067283431455
a42d9c825894f96fc6ed02610891454d;sports_leisure;26;25;2018-08-09;21;2018-08-06;26;0,0689015502848814;66,77620246455538;391;32,884777123633306
ef66e63137bdd1b2e44aa968646fc1e3;furniture_decor;13;11;2018-08-15;9;2018-08-13;25;0,06625149065853982;66,84245395521393;392;32,96888141295206
87d780fa7d2cf3710aa02dc4ca8db985;bed_bath_table;23;23;2018-07-27;18;2018-07-23;25;0,06625149065853982;66,90870544587247;393;33,05298570227082
7f064525eaaa1ce9d22c085f7ff5413a;watches_gifts;25;25;2018-08-17;22;2018-08-13;25;0,06625149065853982;66,97495693653102;394;33,13708999158957
d3e1006ba3735c0d44160026b6e0ced3;auto;25;21;2018-08-18;14;2018-08-13;25;0,06625149065853982;67,04120842718956;395;33,22119428090833
9da950e8c8c482441f1b93955b21c827;cool_stuff;24;24;2018-08-15;18;2018-08-13;25;0,06625149065853982;67,1074599178481;396;33,30529857022708
9b9d1c4bd979b93c138044e032f99780;cool_stuff;25;25;2018-04-15;19;2018-04-09;25;0,06625149065853982;67,17371140850665;397;33,38940285954584
36c2fb4fa746273709c373f6d6ec6796;bed_bath_table;21;20;2018-07-30;17;2018-07-30;25;0,06625149065853982;67,23996289916519;398;33,47350714886459
fe75529a267b76ac6e96f0c322a899a4;health_beauty;25;23;2018-08-13;17;2018-08-13;25;0,06625149065853982;67,30621438982374;399;33,55761143818335
fe9dfbe7f974621789683b7b78be2a16;health_beauty;25;23;2018-08-01;20;2018-07-30;25;0,06625149065853982;67,37246588048228;400;33,6417157275021
79366d6a24de9351b7ca6e3cf75a68ec;small_appliances;23;23;2018-07-09;19;2018-07-09;25;0,06625149065853982;67,43871737114083;401;33,725820016820855
f6fa93875f4a7dac03e0a22143f4d815;bed_bath_table;25;23;2018-07-15;19;2018-07-09;25;0,06625149065853982;67,50496886179937;402;33,809924306139614
e85d91619b497e98754390b6198a9818;baby;25;24;2018-08-19;17;2018-08-13;25;0,06625149065853982;67,57122035245791;403;33,89402859545837
f4d705aa95ccca448e5b0deb6e5290ba;bed_bath_table;24;24;2018-07-23;18;2018-07-23;25;0,06625149065853982;67,63747184311646;404;33,978132884777125
9fe172fa8e662ca8572cf12abf8bce23;fashion_bags_accessories;25;23;2018-08-19;15;2018-08-13;25;0,06625149065853982;67,703723333775;405;34,06223717409588
ba74c6b75d2ad7503175809688d5a03c;watches_gifts;25;22;2018-08-11;15;2018-08-06;25;0,06625149065853982;67,76997482443355;406;34,146341463414636
2b0ee2d07306f7c9ac55a43166e9bb4b;bed_bath_table;23;22;2018-05-10;18;2018-05-07;25;0,06625149065853982;67,83622631509209;407;34,23044575273339
e4ca5b20cfe1a020e15e36fe14e880ee;electronics;22;21;2018-06-10;15;2018-06-04;25;0,06625149065853982;67,90247780575064;408;34,31455004205215
b60856ce32d90658dbf99b9485327c25;electronics;25;22;2018-07-11;16;2018-07-09;25;0,06625149065853982;67,96872929640918;409;34,3986543313709
f9259c9e7c0f12c70f7a81409680a5ff;sports_leisure;24;21;2018-03-04;14;2018-02-26;25;0,06625149065853982;68,03498078706772;410;34,48275862068966
fbd4031ddbc3d02b95834b62769d3ad0;housewares;21;18;2018-08-09;15;2018-08-06;24;0,06360143103219823;68,09858221809992;411;34,56686291000841
c8cfa622661e047ea2499f8bce4731a5;baby;24;22;2018-08-14;18;2018-08-13;24;0,06360143103219823;68,16218364913212;412;34,65096719932716
c9c455f9fd8ca66d3ff7f90a249753b4;sports_leisure;24;24;2018-03-19;23;2018-03-19;24;0,06360143103219823;68,22578508016431;413;34,73507148864592
68a058d125ba1544e726898f0b8c0523;office_furniture;24;23;2018-06-05;20;2018-06-04;24;0,06360143103219823;68,28938651119651;414;34,81917577796468
a8115d34a4b7b74388da609692162c37;computers_accessories;23;23;2018-07-26;18;2018-07-23;24;0,06360143103219823;68,35298794222871;415;34,90328006728343
b84520a57891e7a8ae2c68741dcc7146;watches_gifts;24;21;2018-08-14;14;2018-08-13;24;0,06360143103219823;68,4165893732609;416;34,987384356602185
c0704b7b41d23540e8576c5e84484dcb;health_beauty;18;18;2018-08-17;13;2018-08-13;24;0,06360143103219823;68,4801908042931;417;35,07148864592094
79da264732f717f10ebf5d102aa6c32a;telephony;24;21;2018-07-30;11;2018-07-30;24;0,06360143103219823;68,5437922353253;418;35,155592935239696
288dbc06591742c5d7fe90fbfb08943e;furniture_decor;23;23;2018-08-18;19;2018-08-13;24;0,06360143103219823;68,6073936663575;419;35,239697224558455
30469bb5ea377eae7121981e2f0778e4;sports_leisure;24;24;2018-03-10;19;2018-03-05;24;0,06360143103219823;68,67099509738969;420;35,32380151387721
31639956e7fac87ecfd9d608040638bd;cool_stuff;21;21;2018-06-25;16;2018-06-25;24;0,06360143103219823;68,73459652842189;421;35,40790580319596
8983a3b149303c013fceabef902e835a;computers_accessories;24;24;2018-08-16;19;2018-08-13;24;0,06360143103219823;68,79819795945409;422;35,49201009251472
cfb763496d9fc48751a27db4fd02aa2d;bed_bath_table;21;21;2018-08-05;18;2018-07-30;24;0,06360143103219823;68,86179939048628;423;35,57611438183347
d692d19cee022f7acab76373f297ad6a;bed_bath_table;15;15;2018-07-30;12;2018-07-30;24;0,06360143103219823;68,92540082151848;424;35,66021867115223
a12c9204f6f9e90ad1d8ba5571fbfed2;computers_accessories;23;22;2018-05-21;16;2018-05-21;24;0,06360143103219823;68,98900225255068;425;35,74432296047099
ee57070aa3b24a06fdd0e02efd2d757d;computers_accessories;22;20;2018-08-01;12;2018-07-30;24;0,06360143103219823;69,05260368358287;426;35,82842724978974
42ec84ace63b58b8c5a7ba7be01d5fb8;cool_stuff;22;22;2018-08-12;13;2018-08-06;23;0,06095137140585663;69,11355505498874;427;35,91253153910849
1cf0c9095608952cb1c65c4789946375;electronics;17;16;2018-03-20;14;2018-03-19;23;0,06095137140585663;69,1745064263946;428;35,996635828427245
c706d50b57c9e83293c2586d01f32445;stationery;18;18;2018-08-03;13;2018-07-30;23;0,06095137140585663;69,23545779780046;429;36,08074011774601
7b35ccd93a2184646c03b70326626923;sports_leisure;20;19;2018-05-15;14;2018-05-14;23;0,06095137140585663;69,29640916920633;430;36,16484440706476
7ac0d3f8ac5b60c13d74b02b8cbb4623;pet_shop;22;20;2018-05-08;15;2018-05-07;23;0,06095137140585663;69,35736054061219;431;36,248948696383515
e84997d75938765ef99930f908ceedf4;stationery;22;21;2018-07-25;13;2018-07-23;23;0,06095137140585663;69,41831191201805;432;36,33305298570227
ff29d8cb1cd0cd5ea37b80dac9939e1c;electronics;23;20;2018-07-22;13;2018-07-16;23;0,06095137140585663;69,47926328342392;433;36,417157275021026
33ba4b29d820b397054cc97e892ab1bc;auto;23;21;2018-08-05;15;2018-07-30;23;0,06095137140585663;69,54021465482978;434;36,501261564339785
31b8e7c2a22f3dba5183cc110bdd72f7;electronics;23;20;2018-08-14;11;2018-08-13;23;0,06095137140585663;69,60116602623565;435;36,58536585365854
28a652ff04e43c1bc57937a9f8770f9b;stationery;23;22;2018-07-29;18;2018-07-23;23;0,06095137140585663;69,66211739764151;436;36,66947014297729
89e4362d74afa10ac57f8d67210132a6;fashion_bags_accessories;22;20;2018-08-11;11;2018-08-06;23;0,06095137140585663;69,72306876904737;437;36,75357443229605
f177b434709ecb652dbee4f4b19aef2f;fashion_bags_accessories;22;22;2018-08-13;18;2018-08-13;23;0,06095137140585663;69,78402014045324;438;36,8376787216148
e7f85e7f0203b7b95cc1b4c21b4b070c;cool_stuff;21;18;2018-08-09;12;2018-08-06;23;0,06095137140585663;69,8449715118591;439;36,92178301093356
9007d9a8a0d332c61d9dd611fa341f4b;stationery;14;14;2018-04-19;13;2018-04-16;23;0,06095137140585663;69,90592288326496;440;37,00588730025231
e06f99e79036d681effa3de75989bf22;watches_gifts;23;22;2018-08-16;15;2018-08-13;23;0,06095137140585663;69,96687425467083;441;37,08999158957107
dd61e943598eec72351633dd6a72d5dc;perfumery;23;23;2018-05-08;15;2018-05-07;23;0,06095137140585663;70,02782562607669;442;37,17409587888982
371fa349d92646bbeea5873df0bcdc5a;housewares;23;21;2018-05-15;15;2018-05-14;23;0,06095137140585663;70,08877699748255;443;37,258200168208575
fb01a5fc09b9b9563c2ee41a22f07d54;consoles_games;23;21;2018-04-30;16;2018-04-30;23;0,06095137140585663;70,14972836888842;444;37,342304457527334
c32b1155b886162db8e1ec114699a799;bed_bath_table;20;20;2018-08-13;15;2018-08-13;23;0,06095137140585663;70,21067974029428;445;37,42640874684609
20f160a9cf2e856ee5eba259e9ae33f9;perfumery;22;19;2018-07-18;13;2018-07-16;23;0,06095137140585663;70,27163111170015;446;37,510513036164845
dd4c3b4ab7e001aaf385ea2e68952030;baby;23;21;2018-08-16;17;2018-08-13;23;0,06095137140585663;70,33258248310601;447;37,5946173254836
e1e932dfb67414e80b87ad97688cf2a3;toys;23;22;2018-08-03;19;2018-07-30;23;0,06095137140585663;70,39353385451187;448;37,678721614802356
738da8ddda2e593acfdc53c2d1520dfa;musical_instruments;23;22;2018-07-31;18;2018-07-30;23;0,06095137140585663;70,45448522591774;449;37,76282590412111
bb90206fa281c20f0b4c42a2393b54dd;computers_accessories;13;13;2018-05-03;11;2018-04-30;23;0,06095137140585663;70,5154365973236;450;37,84693019343987
ba80c9f47a84d1e08465f72e22930c83;pet_shop;14;14;2018-08-19;11;2018-08-13;23;0,06095137140585663;70,57638796872946;451;37,93103448275862
58efb9b638561ce132216a9a612513e2;furniture_living_room;12;12;2018-03-21;10;2018-03-19;23;0,06095137140585663;70,63733934013533;452;38,01513877207738
82c51c3938503a4ddc096fbed86428d6;construction_tools_safety;19;19;2018-08-03;13;2018-07-30;23;0,06095137140585663;70,69829071154119;453;38,09924306139613
14dffa241a078aeaebaef48a49e807ca;baby;23;22;2018-03-20;21;2018-03-19;23;0,06095137140585663;70,75924208294705;454;38,18334735071488
0eb8e03d4ef83152c4642b606b5bbdec;furniture_decor;22;18;2018-08-15;14;2018-08-13;23;0,06095137140585663;70,82019345435292;455;38,26745164003364
c708ba7c6269161f89ce0683cdd7c432;watches_gifts;23;23;2018-07-27;18;2018-07-23;23;0,06095137140585663;70,88114482575878;456;38,3515559293524
0fa81e7123fd0ebe03adbbe99d912827;bed_bath_table;22;19;2018-07-20;14;2018-07-16;22;0,058301311779515044;70,9394461375383;457;38,43566021867115
dc9471db933efad7bf0ce685380578bd;computers_accessories;13;13;2018-03-25;11;2018-03-19;22;0,058301311779515044;70,99774744931781;458;38,519764507989905
1d3ecbda18167c766a3381fd16108e4a;sports_leisure;16;15;2018-06-25;12;2018-06-25;22;0,058301311779515044;71,05604876109733;459;38,603868797308664
d011223de539cd224b5c5c8082313d46;furniture_decor;22;21;2018-08-09;16;2018-08-06;22;0,058301311779515044;71,11435007287685;460;38,68797308662742
ae52eeb8383b94455f0a08b1f88ad002;computers_accessories;20;19;2018-06-27;12;2018-06-25;22;0,058301311779515044;71,17265138465636;461;38,772077375946175
5176d8670222d50ebbe4d4c5dfba2b49;electronics;22;20;2018-05-15;20;2018-05-14;22;0,058301311779515044;71,23095269643588;462;38,85618166526493
0efc91aa52d1f0669126d3000a94279b;bed_bath_table;21;21;2018-03-26;14;2018-03-26;22;0,058301311779515044;71,2892540082154;463;38,94028595458368
ba4a91633739ceceb2b73b627e2cfbc3;office_furniture;20;19;2018-07-30;17;2018-07-30;22;0,058301311779515044;71,34755531999491;464;39,02439024390244
0c71252f37443403376d2008034a7240;pet_shop;17;14;2018-08-15;12;2018-08-13;22;0,058301311779515044;71,40585663177443;465;39,1084945332212
84f5c4f480ad6c9998d6a6860f1a2e41;food_drink;22;20;2018-08-17;17;2018-08-13;22;0,058301311779515044;71,46415794355394;466;39,19259882253995
867dda95bbba37fe56fa288449fa122f;bed_bath_table;19;17;2018-08-03;11;2018-07-30;22;0,058301311779515044;71,52245925533346;467;39,27670311185871
11250b0d4b709fee92441c5f34122aed;agro_industry_and_commerce;21;20;2018-07-16;16;2018-07-16;22;0,058301311779515044;71,58076056711297;468;39,36080740117746
f361fccba568fabe00db466f80626d1e;auto;20;19;2018-08-16;19;2018-08-13;22;0,058301311779515044;71,63906187889249;469;39,44491169049621
2481a472d98c582b46bc2dfeae6f539f;furniture_decor;21;19;2018-08-09;16;2018-08-06;22;0,058301311779515044;71,69736319067201;470;39,52901597981497
af0a99476d96dcc1a1baa7c0d9ff6b9d;health_beauty;22;18;2018-08-07;8;2018-08-06;22;0,058301311779515044;71,75566450245152;471;39,61312026913373
ad2037645597db38527fe3afbe226af2;drinks;22;19;2018-06-18;8;2018-06-18;22;0,058301311779515044;71,81396581423104;472;39,69722455845248
a9f480bfc49f0b85e8394e1cdf685b4e;toys;21;19;2018-03-17;14;2018-03-12;22;0,058301311779515044;71,87226712601056;473;39,781328847771235
5c692818d313aa12864b48ac0c2472c2;watches_gifts;22;21;2018-05-28;18;2018-05-28;22;0,058301311779515044;71,93056843779007;474;39,86543313708999
bc74f63361c15c1a5baa5b97ac432e62;health_beauty;22;21;2018-03-13;14;2018-03-12;22;0,058301311779515044;71,98886974956959;475;39,949537426408746
b24af8bca8813bcde4140ff8562f5e47;telephony;22;20;2018-04-25;10;2018-04-23;22;0,058301311779515044;72,0471710613491;476;40,033641715727505
a1bf559ac1eab015ba992bd76d9d76c7;computers_accessories;21;21;2018-07-01;17;2018-06-25;22;0,058301311779515044;72,10547237312862;477;40,11774600504626
a2da86fa759178e9e58e54aa1a144e59;telephony;22;20;2018-08-06;11;2018-08-06;22;0,058301311779515044;72,16377368490814;478;40,20185029436501
fed5c40c27e1c88560a9e92d82ee0825;electronics;22;20;2018-07-13;16;2018-07-09;22;0,058301311779515044;72,22207499668765;479;40,28595458368377
87cb507e0daa37bbf34956fd59eba832;watches_gifts;22;21;2018-08-08;19;2018-08-06;22;0,058301311779515044;72,28037630846717;480;40,37005887300252
97b3b8e8ed22d0ceb3b3c520e806a334;electronics;22;21;2018-06-14;16;2018-06-11;22;0,058301311779515044;72,33867762024668;481;40,45416316232128
91c82ace62e0ca1b69b1a45bcc214b45;watches_gifts;22;20;2018-08-14;13;2018-08-13;22;0,058301311779515044;72,3969789320262;482;40,53826745164003
91846781ef75057e134949400768e272;sports_leisure;21;20;2018-08-12;16;2018-08-06;22;0,058301311779515044;72,45528024380572;483;40,62237174095879
40e8b425d1a26e2d9cb77363523e05ce;christmas_supplies;22;20;2018-05-11;12;2018-05-07;22;0,058301311779515044;72,51358155558523;484;40,70647603027754
1a405418406359cc2b8815f93bf359c2;sports_leisure;20;18;2018-06-13;13;2018-06-11;22;0,058301311779515044;72,57188286736475;485;40,790580319596295
726b4e18f00255e2e63491bcba3f60b8;furniture_mattress_and_upholstery;22;20;2018-03-20;14;2018-03-19;22;0,058301311779515044;72,63018417914427;486;40,87468460891506
99f5b2240b82bf9387e5cf2fc0335b08;computers_accessories;18;18;2018-08-02;15;2018-07-30;22;0,058301311779515044;72,68848549092378;487;40,95878889823381
6c81db10f914c4d032b14fa93aa0a818;fashion_bags_accessories;22;21;2018-07-04;19;2018-07-02;22;0,058301311779515044;72,7467868027033;488;41,042893187552565
9749139e09929de55d37e68e64b89706;health_beauty;20;18;2018-06-28;9;2018-06-25;22;0,058301311779515044;72,80508811448281;489;41,12699747687132
b3e40ff639c185b9d726b4b19c17e6cd;cool_stuff;22;20;2018-03-08;11;2018-03-05;22;0,058301311779515044;72,86338942626233;490;41,211101766190076
c10a7001e8b49dfc03817444b5f2ed81;watches_gifts;21;20;2018-07-18;12;2018-07-16;21;0,055651252153173444;72,9190406784155;491;41,295206055508835
64d33e6bd1b905a31c2f96f584e6a0c8;telephony;20;19;2018-05-30;14;2018-05-28;21;0,055651252153173444;72,97469193056867;492;41,37931034482759
6413f7a28e149a324c4a914000399fb2;cool_stuff;21;20;2018-05-07;17;2018-05-07;21;0,055651252153173444;73,03034318272184;493;41,46341463414634
d48bacc1dcd9c86bf1ed4ed2a303336c;toys;21;16;2018-07-09;11;2018-07-09;21;0,055651252153173444;73,085994434875;494;41,5475189234651
cfd414b4463647f58c7775eaae06893d;health_beauty;21;20;2018-07-25;15;2018-07-23;21;0,055651252153173444;73,14164568702817;495;41,63162321278385
1e618d311a1b7f88a9d96ec50aa85582;housewares;21;20;2018-05-05;13;2018-04-30;21;0,055651252153173444;73,19729693918134;496;41,71572750210261
1b8ee158f59c098470fad33f39660964;furniture_living_room;21;20;2018-06-13;17;2018-06-11;21;0,055651252153173444;73,25294819133451;497;41,79983179142136
d918b3f4aa5272c2c3cd088d087ca069;sports_leisure;20;19;2018-07-03;15;2018-07-02;21;0,055651252153173444;73,30859944348768;498;41,88393608074012
d99526b1e4fa5f57b8bde34a7337b5ee;drinks;20;19;2018-08-10;13;2018-08-06;21;0,055651252153173444;73,36425069564085;499;41,96804037005887
3efd399c5d016b9e6a5ad3196eade44f;baby;21;21;2018-07-26;19;2018-07-23;21;0,055651252153173444;73,41990194779402;500;42,052144659377625
722dc14e0848efdb771dca6de2929c41;health_beauty;21;20;2018-04-16;15;2018-04-16;21;0,055651252153173444;73,47555319994719;501;42,136248948696384
15859e3a8aaa3c192c10a91d8722abd5;health_beauty;19;18;2018-04-15;15;2018-04-09;21;0,055651252153173444;73,53120445210035;502;42,22035323801514
3a806ac1ab98107febb4ffcf38bc1fac;baby;20;18;2018-08-14;16;2018-08-13;21;0,055651252153173444;73,58685570425352;503;42,304457527333895
386eebb43722ab502f04f7900bd2451b;health_beauty;18;17;2018-07-03;16;2018-07-02;21;0,055651252153173444;73,64250695640669;504;42,38856181665265
71a7800a633691de8ecdd17463335e2e;costruction_tools_garden;19;19;2018-08-12;18;2018-08-06;21;0,055651252153173444;73,69815820855986;505;42,472666105971406
008cff0e5792219fae03e570f980b330;sports_leisure;19;18;2018-08-13;15;2018-08-13;21;0,055651252153173444;73,75380946071303;506;42,55677039529016
ead3077a141a9c800d6a4bb9d0d415b6;bed_bath_table;18;17;2018-05-07;12;2018-05-07;21;0,055651252153173444;73,8094607128662;507;42,64087468460892
28b4eced95a52d9c437a4caf9d311b95;furniture_decor;17;16;2018-07-19;14;2018-07-16;21;0,055651252153173444;73,86511196501937;508;42,72497897392767
698b3ddae2f0b80c2a48fb40624ca4e4;furniture_decor;21;17;2018-08-08;13;2018-08-06;21;0,055651252153173444;73,92076321717254;509;42,80908326324643
612c7f49d1026f7beded75464b574f81;health_beauty;20;20;2018-08-16;16;2018-08-13;21;0,055651252153173444;73,9764144693257;510;42,89318755256518
82c3ea364e5480f335f6743ee725a921;computers_accessories;18;18;2018-08-14;17;2018-08-13;21;0,055651252153173444;74,03206572147887;511;42,97729184188393
115e606ac8059e4cfa1c6c3310fb365c;computers_accessories;21;20;2018-08-01;14;2018-07-30;21;0,055651252153173444;74,08771697363204;512;43,06139613120269
b74d57e3377dd78aace6d070fc48cc88;bed_bath_table;21;20;2018-08-01;18;2018-07-30;21;0,055651252153173444;74,14336822578521;513;43,14550042052145
fcf6ad274391aea29f5d6e5ef9da5050;pet_shop;20;19;2018-08-09;17;2018-08-06;21;0,055651252153173444;74,19901947793838;514;43,2296047098402
0b039b61011417822882815943f13dac;electronics;20;17;2018-04-16;10;2018-04-16;21;0,055651252153173444;74,25467073009155;515;43,313708999158955
a5647c44af977b148e0a3a4751a09e2e;office_furniture;12;12;2018-07-24;12;2018-07-23;21;0,055651252153173444;74,31032198224472;516;43,39781328847771
688ad0169550f8e2eb0307b61df3ba12;bed_bath_table;18;18;2018-08-13;12;2018-08-13;21;0,055651252153173444;74,36597323439788;517;43,481917577796466
b80921007ed3f68cf6e536e6daf08610;telephony;21;20;2018-04-10;13;2018-04-09;21;0,055651252153173444;74,42162448655105;518;43,566021867115225
bc055ae94989497c0d66bfa4263ccf61;computers_accessories;15;13;2018-03-26;10;2018-03-26;21;0,055651252153173444;74,47727573870422;519;43,65012615643398
5b8423dc7f23089c9c59c5d140eb5a1c;toys;21;17;2018-05-15;11;2018-05-14;21;0,055651252153173444;74,53292699085739;520;43,73423044575273
145978af3e89b318be0b717a0953649a;computers_accessories;21;17;2018-08-19;8;2018-08-13;21;0,055651252153173444;74,58857824301056;521;43,81833473507149
04c4a4b9c924494fcf82e0fba966f955;watches_gifts;11;11;2018-06-11;10;2018-06-11;21;0,055651252153173444;74,64422949516373;522;43,90243902439025
7b5d8be0e04080e4c8ee6a7ec2f1f597;furniture_decor;10;10;2018-04-23;9;2018-04-23;21;0,055651252153173444;74,6998807473169;523;43,986543313709
261244fc4d0197d8772346872f5b0f5e;kitchen_dining_laundry_garden_furniture;18;18;2018-08-17;13;2018-08-13;21;0,055651252153173444;74,75553199947007;524;44,07064760302776
eebbed5ed3b134eceb717496c47652ba;bed_bath_table;19;18;2018-05-03;15;2018-04-30;21;0,055651252153173444;74,81118325162323;525;44,15475189234651
0654d3c1e3efc7e7cd9dbde9cb743df2;garden_tools;19;17;2018-06-26;13;2018-06-25;21;0,055651252153173444;74,8668345037764;526;44,23885618166526
e6d3e381889aa6e9d222ad50cb30ac43;watches_gifts;21;20;2018-04-23;16;2018-04-23;21;0,055651252153173444;74,92248575592957;527;44,32296047098402
90aa2ab699cd0e459be93124aa91c82f;bed_bath_table;20;20;2018-08-04;16;2018-07-30;21;0,055651252153173444;74,97813700808274;528;44,40706476030278
e6b6e13cf71449a457269f425b89dc74;audio;19;18;2018-04-22;14;2018-04-16;21;0,055651252153173444;75,03378826023591;529;44,49116904962153
423b46d7ff817b1cd19ab195c7b76546;watches_gifts;19;19;2018-08-14;19;2018-08-13;21;0,055651252153173444;75,08943951238908;530;44,575273338940285
1a300f482e35d7eac74b229be067aefd;computers_accessories;16;16;2018-05-29;14;2018-05-28;21;0,055651252153173444;75,14509076454225;531;44,65937762825904
a04087ab6a96ffa041f8a2701a72b616;computers;20;18;2018-08-08;11;2018-08-06;21;0,055651252153173444;75,20074201669541;532;44,743481917577796
31c79131e883e5fd8c4c85fe9f7d2bb2;telephony;18;18;2018-06-21;14;2018-06-18;20;0,05300119252683185;75,25374320922225;533;44,827586206896555
3c883b9d3fd2d0ce448d4136349dc0a4;bed_bath_table;17;16;2018-08-18;10;2018-08-13;20;0,05300119252683185;75,30674440174909;534;44,91169049621531
e57eb018e37376580079825eb29a3419;watches_gifts;19;17;2018-08-10;14;2018-08-06;20;0,05300119252683185;75,35974559427592;535;44,99579478553406
93c480c7d11c68ba0a71e850da61b674;computers_accessories;20;19;2018-04-11;11;2018-04-09;20;0,05300119252683185;75,41274678680276;536;45,07989907485282
281bbfe70848e0b304bef88fc2caf2c3;baby;19;18;2018-08-16;17;2018-08-13;20;0,05300119252683185;75,46574797932959;537;45,16400336417157
6e77b89d36e50217e6793780a8ce5c82;telephony;20;19;2018-07-03;17;2018-07-02;20;0,05300119252683185;75,51874917185643;538;45,24810765349033
34dabb8af33b3756cf72df05fb327011;tablets_printing_image;20;19;2018-05-15;18;2018-05-14;20;0,05300119252683185;75,57175036438326;539;45,33221194280908
6f33a4a09ae1180a0ee1ff4682b2d21f;toys;20;20;2018-06-11;18;2018-06-11;20;0,05300119252683185;75,6247515569101;540;45,41631623212784
71540d636652fc682032d3b3c0a180c1;home_construction;20;19;2018-08-13;13;2018-08-13;20;0,05300119252683185;75,67775274943693;541;45,50042052144659
18f6ea7e8cff29f8053baac6762449f9;kitchen_dining_laundry_garden_furniture;18;17;2018-08-15;11;2018-08-13;20;0,05300119252683185;75,73075394196377;542;45,584524810765345
98b22c1129886cbd7fcae69d1c93e442;bed_bath_table;20;19;2018-05-17;18;2018-05-14;20;0,05300119252683185;75,7837551344906;543;45,668629100084104
c1617123e66d2491ca93ceadfd36203e;bed_bath_table;20;17;2018-08-09;13;2018-08-06;20;0,05300119252683185;75,83675632701744;544;45,75273338940286
419cb1b441eda9b92ebd1a1b96090c26;telephony;20;18;2018-07-18;16;2018-07-16;20;0,05300119252683185;75,88975751954428;545;45,836837678721615
4fa33915031a8cde03dd0d3e8fb27f01;perfumery;19;18;2018-06-22;10;2018-06-18;20;0,05300119252683185;75,94275871207111;546;45,92094196804037
42a2bd596fda1baef5719cb74f73030c;bed_bath_table;20;20;2018-03-31;19;2018-03-26;20;0,05300119252683185;75,99575990459795;547;46,005046257359126
a5ae8400fc9fcacd4af585a57bbf264a;pet_shop;18;17;2018-08-16;13;2018-08-13;20;0,05300119252683185;76,04876109712478;548;46,089150546677885
a334304f952399f2161225628a9d2891;health_beauty;17;16;2018-03-17;10;2018-03-12;20;0,05300119252683185;76,10176228965162;549;46,17325483599664
43ee88561093499d9e571d4db5f20b79;furniture_decor;13;13;2018-08-19;13;2018-08-13;20;0,05300119252683185;76,15476348217845;550;46,25735912531539
7a9cf133da2a6494259ffeeab11b6276;telephony;19;19;2018-03-10;16;2018-03-05;20;0,05300119252683185;76,20776467470529;551;46,34146341463415
02ce467092b184e71d3967d29110adc1;office_furniture;20;18;2018-07-21;17;2018-07-16;20;0,05300119252683185;76,26076586723212;552;46,4255677039529
06bf70b6e1d67d96308235ef350edc61;toys;19;19;2018-06-12;16;2018-06-11;20;0,05300119252683185;76,31376705975896;553;46,50967199327166
f83c9874b5b5044ea58fef1be68c1ea8;cool_stuff;18;18;2018-06-13;16;2018-06-11;20;0,05300119252683185;76,3667682522858;554;46,59377628259041
5c2bb11cf2149bd4d9fffcc1246458c3;stationery;20;18;2018-08-13;11;2018-08-13;20;0,05300119252683185;76,41976944481263;555;46,67788057190917
5f42d57952b7815098979a5c4fa6f82a;health_beauty;19;18;2018-08-18;12;2018-08-13;20;0,05300119252683185;76,47277063733947;556;46,76198486122792
c50ca07e9e4db9ea5011f06802c0aea0;health_beauty;14;14;2018-08-16;9;2018-08-13;20;0,05300119252683185;76,5257718298663;557;46,846089150546675
5ed9eaf534f6936b51d0b6c5e4d5c2e9;cool_stuff;18;17;2018-08-11;13;2018-08-06;20;0,05300119252683185;76,57877302239314;558;46,930193439865434
5b8a5a9417210b1b84b67b9a7aefb935;computers_accessories;20;15;2018-02-28;8;2018-02-26;20;0,05300119252683185;76,63177421491997;559;47,01429772918419
21fb5057dd6a737df6851a7ab7a130da;furniture_decor;13;13;2018-03-15;13;2018-03-12;20;0,05300119252683185;76,6847754074468;560;47,098402018502945
5d7c23067ed3fc8c6e699b9373d5890b;fashion_bags_accessories;20;19;2018-08-03;17;2018-07-30;20;0,05300119252683185;76,73777659997364;561;47,1825063078217
47cd48073d67f91f09cb5ef9496c920b;bed_bath_table;18;18;2018-07-06;16;2018-07-02;20;0,05300119252683185;76,79077779250048;562;47,26661059714045
61d01171a3784bab50137290350e5332;housewares;13;13;2018-08-13;12;2018-08-13;20;0,05300119252683185;76,84377898502731;563;47,35071488645921
09b0d15a8cc9a84e7af7e0225f67dc45;furniture_decor;13;13;2018-08-14;9;2018-08-13;20;0,05300119252683185;76,89678017755415;564;47,43481917577797
10adb53d8faa890ca7c2f0cbcb68d777;bed_bath_table;20;19;2018-07-25;15;2018-07-23;20;0,05300119252683185;76,94978137008098;565;47,51892346509672
10070e29929f7c7d609ee3201f236b8e;home_construction;19;17;2018-07-12;10;2018-07-09;20;0,05300119252683185;77,00278256260782;566;47,60302775441548
f4a38926843e01497a3f63a5d5740c72;electronics;20;18;2018-06-07;15;2018-06-04;20;0,05300119252683185;77,05578375513466;567;47,68713204373423
fb783e3e545937820b57fe539b2c5a6c;bed_bath_table;20;19;2018-04-29;16;2018-04-23;20;0,05300119252683185;77,10878494766149;568;47,77123633305298
f49e985b4cb2d0543890d6dd00077663;small_appliances_home_oven_and_coffee;19;19;2018-08-09;15;2018-08-06;19;0,050351132900490266;77,15913608056198;569;47,85534062237174
0a4f9f421af66d2ea061fbb8883419f7;health_beauty;13;12;2018-08-13;9;2018-08-13;19;0,050351132900490266;77,20948721346247;570;47,9394449116905
b0c89945c034268074f5f80b362bda34;bed_bath_table;15;15;2018-08-15;11;2018-08-13;19;0,050351132900490266;77,25983834636295;571;48,02354920100925
f77dd338d9f75229a09cbb9a18fd0c9a;bed_bath_table;18;18;2018-06-15;15;2018-06-11;19;0,050351132900490266;77,31018947926344;572;48,107653490328005
247fa5b4e2f524a22b21ef256ffc23e4;computers_accessories;18;16;2018-03-10;15;2018-03-05;19;0,050351132900490266;77,36054061216393;573;48,19175777964676
f889fb87b505b73de10c18b93352469f;health_beauty;18;17;2018-08-13;10;2018-08-13;19;0,050351132900490266;77,41089174506442;574;48,275862068965516
0a5a41c678bcf81e041826bb24eb0b01;baby;19;16;2018-08-14;14;2018-08-13;19;0,050351132900490266;77,4612428779649;575;48,359966358284275
5ccdfc35d9cff8db4fa46b83d5712899;pet_shop;18;16;2018-08-12;13;2018-08-06;19;0,050351132900490266;77,5115940108654;576;48,44407064760303
52e9413ed0d3e64b796aac2bc2291d50;sports_leisure;18;16;2018-06-21;14;2018-06-18;19;0,050351132900490266;77,56194514376588;577;48,52817493692178
af0a917aec9cea3b353ece61a8825326;bed_bath_table;19;17;2018-04-18;14;2018-04-16;19;0,050351132900490266;77,61229627666637;578;48,61227922624054
59fc88d07b8100b80600e42f3e5ac79d;housewares;15;14;2018-08-09;12;2018-08-06;19;0,050351132900490266;77,66264740956686;579;48,69638351555929
b8762d562d810c2f8d7ad7e9c12957be;housewares;16;16;2018-06-16;14;2018-06-11;19;0,050351132900490266;77,71299854246735;580;48,78048780487805
63d6e7ab30f482382c9dfbbccae7da54;small_appliances;18;15;2018-04-07;11;2018-04-02;19;0,050351132900490266;77,76334967536783;581;48,8645920941968
44e086c4a977f37a888627b43880586c;musical_instruments;18;17;2018-07-17;12;2018-07-16;19;0,050351132900490266;77,81370080826832;582;48,94869638351556
4724ffa427f315c485e39b02e21859b2;health_beauty;18;17;2018-04-11;11;2018-04-09;19;0,050351132900490266;77,86405194116881;583;49,03280067283431
655110abedc57d73d3b2150d8ba2092a;bed_bath_table;17;15;2018-07-21;15;2018-07-16;19;0,050351132900490266;77,9144030740693;584;49,11690496215307
418d480693f2f01e9cf4568db0346d28;cool_stuff;19;17;2018-06-19;15;2018-06-18;19;0,050351132900490266;77,96475420696979;585;49,20100925147183
9565229244e9341fb8c8069879cf73cd;bed_bath_table;19;18;2018-07-18;15;2018-07-16;19;0,050351132900490266;78,01510533987027;586;49,28511354079058
e7db7c40ea6647c808d48581f1308d88;baby;19;18;2018-05-02;16;2018-04-30;19;0,050351132900490266;78,06545647277076;587;49,369217830109335
eb7172d8a3c64298d2d767f6603c231e;toys;19;17;2018-08-06;16;2018-08-06;19;0,050351132900490266;78,11580760567125;588;49,45332211942809
6c712952b8ef62f8d06a0314917400c8;health_beauty;16;16;2018-08-10;11;2018-08-06;19;0,050351132900490266;78,16615873857174;589;49,537426408746846
7703b8cb5b77fbb36518ea91e2ca734f;watches_gifts;17;17;2018-04-21;12;2018-04-16;19;0,050351132900490266;78,21650987147223;590;49,621530698065605
2f13d1dc8b4e1d9d8027be50339546a9;furniture_decor;18;14;2018-08-14;9;2018-08-13;19;0,050351132900490266;78,26686100437271;591;49,70563498738436
33fac76e7f17367dedaef7954bbb33b4;health_beauty;19;18;2018-07-19;16;2018-07-16;19;0,050351132900490266;78,3172121372732;592;49,78973927670311
e3425df9bd51be69917273c9dd92ed5e;watches_gifts;19;16;2018-07-03;13;2018-07-02;19;0,050351132900490266;78,36756327017369;593;49,87384356602187
9c7ce59c96e74dfdfc51f13a4a6c3869;watches_gifts;17;17;2018-07-31;14;2018-07-30;19;0,050351132900490266;78,41791440307418;594;49,95794785534062
cf857bce01d442bb8631a548a4432def;baby;19;16;2018-08-07;8;2018-08-06;19;0,050351132900490266;78,46826553597467;595;50,04205214465938
1acb18fc869c5489d5f76abcd681165e;sports_leisure;17;16;2018-05-26;15;2018-05-21;19;0,050351132900490266;78,51861666887515;596;50,12615643397813
1a0971a6f39f04118207a7308d451e9d;stationery;19;18;2018-05-11;14;2018-05-07;19;0,050351132900490266;78,56896780177564;597;50,210260723296884
6bd248f93425ceeb625a8a97e2404112;stationery;19;18;2018-06-05;15;2018-06-04;19;0,050351132900490266;78,61931893467613;598;50,294365012615636
98ec655119c24de03b804696821f3955;health_beauty;18;18;2018-06-26;15;2018-06-25;19;0,050351132900490266;78,66967006757662;599;50,3784693019344
3f1a741cf5591384428c1cbb0ef07ec0;health_beauty;19;17;2018-08-15;16;2018-08-13;19;0,050351132900490266;78,7200212004771;600;50,462573591253154
d8de812ed5d981fc6a3984f4caa2aa05;sports_leisure;18;18;2018-07-05;17;2018-07-02;19;0,050351132900490266;78,7703723333776;601;50,54667788057191
1bfe62f326ac7bec0f5a83c10cfff228;toys;19;19;2018-06-28;11;2018-06-25;19;0,050351132900490266;78,82072346627808;602;50,630782169890665
616042729c11849827291496b18e9ec5;sports_leisure;14;13;2018-08-17;13;2018-08-13;19;0,050351132900490266;78,87107459917857;603;50,71488645920942
475e8a9ddbebf13af503d1c7eccadb1a;office_furniture;17;17;2018-05-26;14;2018-05-21;19;0,050351132900490266;78,92142573207906;604;50,79899074852817
c2a1ff8408a1c857c8730e4d12da714e;housewares;18;18;2018-04-08;10;2018-04-02;19;0,050351132900490266;78,97177686497955;605;50,88309503784693
43f88c8353708451babf9bcdd1fda92a;fashion_bags_accessories;19;19;2018-08-03;18;2018-07-30;19;0,050351132900490266;79,02212799788003;606;50,96719932716569
c6e513054b982283c1cbbb2a45d02d83;cool_stuff;19;18;2018-05-13;13;2018-05-07;19;0,050351132900490266;79,07247913078052;607;51,05130361648445
a1efe4a86746c22541813e22e1d23e33;bed_bath_table;17;15;2018-04-29;13;2018-04-23;19;0,050351132900490266;79,12283026368101;608;51,1354079058032
fca62108387e25005784da2f551466a1;furniture_decor;18;17;2018-08-13;14;2018-08-13;18;0,047701073274148666;79,17053133695516;609;51,21951219512195
f2399cabe080029634d12cec4f60dbf0;office_furniture;16;15;2018-08-15;13;2018-08-13;18;0,047701073274148666;79,21823241022932;610;51,30361648444071
c3f6113d5b61bc95468432072b27e23d;computers_accessories;15;15;2018-03-05;14;2018-03-05;18;0,047701073274148666;79,26593348350347;611;51,38772077375946
4b5e26931a0b0d3a690a3f520329a975;sports_leisure;18;15;2018-03-12;9;2018-03-12;18;0,047701073274148666;79,31363455677763;612;51,471825063078214
54e5939fcd9ae70ad0f59f612d6d29bd;cool_stuff;18;15;2018-08-16;11;2018-08-13;18;0,047701073274148666;79,36133563005178;613;51,555929352396966
fcf28afb1353f2f12ea041dd74954226;telephony;18;17;2018-07-16;12;2018-07-16;18;0,047701073274148666;79,40903670332594;614;51,64003364171573
f62cbf4416c9ef8e1b4e8d5279891f24;electronics;18;18;2018-06-25;15;2018-06-25;18;0,047701073274148666;79,4567377766001;615;51,724137931034484
5ac4f7986643a944501c66a2257bdd73;furniture_decor;12;12;2018-06-30;11;2018-06-25;18;0,047701073274148666;79,50443884987425;616;51,80824222035324
b4b817e5f2c4efc8253b4b679c653847;bed_bath_table;17;16;2018-08-01;11;2018-07-30;18;0,047701073274148666;79,5521399231484;617;51,892346509671995
41cd333a4af5e36df81fc0b83ccf8e2d;baby;18;16;2018-03-26;15;2018-03-26;18;0,047701073274148666;79,59984099642256;618;51,97645079899075
cad2db5e318d7283a234c517b2f28a42;bed_bath_table;16;13;2018-07-17;10;2018-07-16;18;0,047701073274148666;79,64754206969671;619;52,0605550883095
622bad99b4296aade0783ebecdd3fa15;sports_leisure;18;18;2018-04-26;15;2018-04-23;18;0,047701073274148666;79,69524314297087;620;52,14465937762826
4a0c2a56e65c941a0bb9874c47dd66d8;bed_bath_table;17;16;2018-04-11;14;2018-04-09;18;0,047701073274148666;79,74294421624502;621;52,22876366694701
aa70ae9ee9a798d44ae6e00ce6d82cb1;health_beauty;18;16;2018-08-01;11;2018-07-30;18;0,047701073274148666;79,79064528951918;622;52,31286795626578
aa5d6a9bd4be367ae1a3a29c323c7c11;sports_leisure;16;16;2018-06-17;15;2018-06-11;18;0,047701073274148666;79,83834636279333;623;52,39697224558453
acde6bd0b5f91190e2a123df389b0b47;auto;17;15;2018-04-16;10;2018-04-16;18;0,047701073274148666;79,88604743606749;624;52,48107653490328
4c1bbc12438daec98a77243c2bf7a3ba;office_furniture;18;18;2018-07-19;15;2018-07-16;18;0,047701073274148666;79,93374850934164;625;52,56518082422203
4fce0eab61e01d521044c8b071cdfead;sports_leisure;18;16;2018-07-31;12;2018-07-30;18;0,047701073274148666;79,9814495826158;626;52,64928511354079
a2105c8c0d5d99dbc5a2a9ad94321e5c;sports_leisure;16;15;2018-08-16;13;2018-08-13;18;0,047701073274148666;80,02915065588995;627;52,733389402859544
163da86e86f0089de089399c28c3fcbb;computers_accessories;18;17;2018-08-11;14;2018-08-06;18;0,047701073274148666;80,0768517291641;628;52,817493692178296
cc1cb33bcc814aeaa4631761a34bd23e;furniture_decor;18;18;2018-08-13;14;2018-08-13;18;0,047701073274148666;80,12455280243826;629;52,90159798149706
9d0bb30eed80184666c8acad23921283;books_general_interest;18;18;2018-06-23;14;2018-06-18;18;0,047701073274148666;80,17225387571241;630;52,985702270815814
cf78006a2a6b0429b9663edd99bb38f9;furniture_decor;18;16;2018-07-02;14;2018-07-02;18;0,047701073274148666;80,21995494898657;631;53,069806560134566
20531b0644a0719b8d506c4db3c56609;housewares;15;14;2018-08-07;13;2018-08-06;18;0,047701073274148666;80,26765602226072;632;53,153910849453325
cebff45f1d1558430be0e07ac0df6a68;auto;18;17;2018-08-14;12;2018-08-13;18;0,047701073274148666;80,31535709553488;633;53,23801513877208
de480e3ae31eea2d2d97d694c43172fc;computers_accessories;16;16;2018-06-12;13;2018-06-11;18;0,047701073274148666;80,36305816880903;634;53,32211942809083
d9bdf643d95cb89844c0da1a0df1d16e;perfumery;17;17;2018-08-03;13;2018-07-30;18;0,047701073274148666;80,41075924208319;635;53,40622371740958
9d32095f76b97762307e86cfc18dd7a0;bed_bath_table;17;16;2018-07-28;14;2018-07-23;18;0,047701073274148666;80,45846031535734;636;53,49032800672834
78119fbfa709d07b86f5ccf15043c6d6;cool_stuff;18;17;2018-08-10;15;2018-08-06;18;0,047701073274148666;80,5061613886315;637;53,57443229604711
341d85d688ecc3353cf2a968e7ad0dbf;health_beauty;18;16;2018-06-21;10;2018-06-18;18;0,047701073274148666;80,55386246190565;638;53,65853658536586
95c40b993a22463c83beb5c51a03d46c;computers_accessories;18;16;2018-07-22;12;2018-07-16;18;0,047701073274148666;80,6015635351798;639;53,74264087468461
77fa3381855b6763c52ca3b72824f508;fashion_bags_accessories;18;16;2018-03-28;14;2018-03-26;18;0,047701073274148666;80,64926460845396;640;53,82674516400336
e9c1abcc7126360336d8f56d49041a8c;health_beauty;18;18;2018-08-07;17;2018-08-06;18;0,047701073274148666;80,69696568172812;641;53,910849453322115
7c55ea4aea1acf1ce11440010f5aa298;housewares;18;14;2018-06-11;9;2018-06-11;18;0,047701073274148666;80,74466675500227;642;53,994953742640874
7e6c4a0bf900e259f50ba63331fd2785;watches_gifts;18;17;2018-08-07;12;2018-08-06;18;0,047701073274148666;80,79236782827643;643;54,079058031959626
803f77475e1b51b47f1bfec4f2ec353f;auto;18;16;2018-07-29;13;2018-07-23;18;0,047701073274148666;80,84006890155058;644;54,16316232127838
ecf9484703bdfb9cfcc1ac9c2084b567;housewares;18;17;2018-07-17;14;2018-07-16;18;0,047701073274148666;80,88776997482474;645;54,247266610597144
016711f78a6a87696645db0a6a834826;health_beauty;18;18;2018-07-22;13;2018-07-16;18;0,047701073274148666;80,93547104809889;646;54,331370899915896
87cc2aef12eddf0b170234138b0946e0;computers_accessories;17;17;2018-08-07;16;2018-08-06;18;0,047701073274148666;80,98317212137304;647;54,415475189234655
7c898e0b8ea203dd94ba846627fc34d1;office_furniture;14;14;2018-07-31;13;2018-07-30;18;0,047701073274148666;81,0308731946472;648;54,49957947855341
014a8a503291921f7b004a5215bb3c36;baby;18;18;2018-04-14;18;2018-04-09;18;0,047701073274148666;81,07857426792135;649;54,58368376787216
07f381c65e8e66460c07781b9b1b8834;office_furniture;17;17;2018-04-02;15;2018-04-02;17;0,04505101364780707;81,12362528156916;650;54,66778805719091
4473f3e5c65952b074ef987fa5c24662;telephony;17;16;2018-03-12;11;2018-03-12;17;0,04505101364780707;81,16867629521697;651;54,75189234650967
0c9ff9d8ed9b9bdd825487b3a66e05f5;auto;16;14;2018-03-26;12;2018-03-26;17;0,04505101364780707;81,21372730886478;652;54,83599663582843
ee5329ffbe604bebcf84b2fd7792024e;health_beauty;13;12;2018-07-25;9;2018-07-23;17;0,04505101364780707;81,25877832251258;653;54,92010092514719
7bcf2266b78ccc737b8f26f925d3c5d4;perfumery;17;16;2018-08-19;15;2018-08-13;17;0,04505101364780707;81,30382933616039;654;55,00420521446594
c9dbe2eec19a8093cb5ac57486531c18;bed_bath_table;16;16;2018-06-09;13;2018-06-04;17;0,04505101364780707;81,3488803498082;655;55,08830950378469
efa490145b5cc82438b6a6de691535fa;computers_accessories;17;17;2018-08-15;12;2018-08-13;17;0,04505101364780707;81,393931363456;656;55,172413793103445
7f457254a89d62960399e075711b3deb;auto;16;16;2018-08-08;11;2018-08-06;17;0,04505101364780707;81,43898237710381;657;55,256518082422204
423a6644f0aa529e8828ff1f91003690;agro_industry_and_commerce;17;15;2018-08-06;15;2018-08-06;17;0,04505101364780707;81,48403339075162;658;55,340622371740956
3fc18e3aefe7b9346bd15de863fa0365;housewares;17;16;2018-07-29;15;2018-07-23;17;0,04505101364780707;81,52908440439943;659;55,42472666105971
a869ec6209c361ca46dad85a5530e119;sports_leisure;16;16;2018-08-09;14;2018-08-06;17;0,04505101364780707;81,57413541804723;660;55,508830950378474
64315bd8c0c47303179dd2e25b579d00;toys;17;16;2018-08-05;13;2018-07-30;17;0,04505101364780707;81,61918643169504;661;55,592935239697226
672e757f331900b9deea127a2a7b79fd;agro_industry_and_commerce;14;13;2018-05-08;11;2018-05-07;17;0,04505101364780707;81,66423744534285;662;55,67703952901598
a0eef953cb25bc9ae40457e1c3c82946;furniture_decor;17;17;2018-06-02;14;2018-05-28;17;0,04505101364780707;81,70928845899066;663;55,76114381833474
39aa98469aa7460a9764311b3f8efb12;bed_bath_table;17;16;2018-08-10;15;2018-08-06;17;0,04505101364780707;81,75433947263846;664;55,84524810765349
37b99aa22bbac19b2a4afc4b2a958a53;garden_tools;15;15;2018-07-04;12;2018-07-02;17;0,04505101364780707;81,79939048628627;665;55,92935239697224
b59b5899ecf4bcc294a72fdd48adaa94;telephony;17;16;2018-06-03;10;2018-05-28;17;0,04505101364780707;81,84444149993408;666;56,01345668629099
b1631003bdbc3b1e876f83a7d851d74a;perfumery;17;17;2018-04-15;12;2018-04-09;17;0,04505101364780707;81,88949251358189;667;56,09756097560976
59391e840980a4bb6df5f44d3d734df7;sports_leisure;13;11;2018-04-11;9;2018-04-09;17;0,04505101364780707;81,93454352722969;668;56,18166526492851
5e53af05c040b01584b81b3549945faf;costruction_tools_tools;16;15;2018-03-23;12;2018-03-19;17;0,04505101364780707;81,9795945408775;669;56,26576955424727
23384f296aa1bf6461d22912093a9847;bed_bath_table;17;16;2018-07-16;14;2018-07-16;17;0,04505101364780707;82,0246455545253;670;56,34987384356602
f1d4ce8c6dd66c47bbaa8c6781c2a923;baby;17;17;2018-06-02;14;2018-05-28;17;0,04505101364780707;82,06969656817311;671;56,433978132884775
2c0c951471371afa81e47d7bf8d20522;telephony;17;14;2018-07-27;10;2018-07-23;17;0,04505101364780707;82,11474758182092;672;56,518082422203534
5115d8cd6438c0c4d8abdf38d5d41ebd;fashion_bags_accessories;17;16;2018-08-03;13;2018-07-30;17;0,04505101364780707;82,15979859546873;673;56,602186711522286
547b95702aec86f05ac37e61d164891c;garden_tools;14;14;2018-06-12;13;2018-06-11;17;0,04505101364780707;82,20484960911654;674;56,68629100084104
ba9943916136c9959e24f71bdae28faa;computers_accessories;17;16;2018-08-17;12;2018-08-13;17;0,04505101364780707;82,24990062276434;675;56,770395290159804
51d646c5c93e0f1de543528d0e24eadc;health_beauty;17;16;2018-08-04;12;2018-07-30;17;0,04505101364780707;82,29495163641215;676;56,854499579478556
134957eeec87be2414ac629ee0b947a4;computers_accessories;15;15;2018-07-13;13;2018-07-09;17;0,04505101364780707;82,34000265005996;677;56,93860386879731
6d7a4492be45dfb8e38e762efe6614a4;telephony;17;17;2018-03-21;13;2018-03-19;17;0,04505101364780707;82,38505366370777;678;57,02270815811607
e61c78a7343d82c0539d27df0f7dfc31;bed_bath_table;16;16;2018-08-03;14;2018-07-30;17;0,04505101364780707;82,43010467735557;679;57,10681244743482
79c0ace2ccf0da036e787875a49151a4;kitchen_dining_laundry_garden_furniture;16;16;2018-03-13;12;2018-03-12;17;0,04505101364780707;82,47515569100338;680;57,19091673675357
2002fc3ec2d8a30a7588628fe7aff958;electronics;17;17;2018-05-29;14;2018-05-28;17;0,04505101364780707;82,52020670465119;681;57,275021026072324
1fb344134cd7164d32dea4d87ba3ec5a;garden_tools;15;14;2018-08-06;10;2018-08-06;17;0,04505101364780707;82,565257718299;682;57,35912531539108
5aad359a63cbb4fc35ead44346a3eeb4;furniture_decor;15;15;2018-03-06;10;2018-03-05;17;0,04505101364780707;82,6103087319468;683;57,44322960470984
cfb79bfbdaf59cfe2e9ae0a071451f32;bed_bath_table;17;15;2018-08-19;12;2018-08-13;17;0,04505101364780707;82,65535974559461;684;57,5273338940286
1f30aacc69904c0d0bf8d05cb2abef72;bed_bath_table;17;16;2018-05-14;14;2018-05-14;17;0,04505101364780707;82,70041075924242;685;57,61143818334735
9ddc4249779322828f89d2a9c04f7ee1;auto;17;17;2018-07-05;14;2018-07-02;17;0,04505101364780707;82,74546177289022;686;57,695542472666105
9e10ae46a3021a02f1692448ef9fa1db;health_beauty;17;17;2018-05-12;13;2018-05-07;17;0,04505101364780707;82,79051278653803;687;57,77964676198486
9fc0c73ce4d0eaaead44e81eeefebeb0;sports_leisure;17;17;2018-03-11;15;2018-03-05;17;0,04505101364780707;82,83556380018584;688;57,863751051303616
c19d5ba108c34b8255cf9a524da92bc4;computers_accessories;17;16;2018-03-12;11;2018-03-12;17;0,04505101364780707;82,88061481383365;689;57,94785534062237
4f0abfbee7569e43b80f9aaa256a9bf8;health_beauty;16;14;2018-08-13;10;2018-08-13;17;0,04505101364780707;82,92566582748145;690;58,031959629941134
c63ea4621680c1b0fca8864c0564bd78;computers_accessories;17;15;2018-08-08;9;2018-08-06;17;0,04505101364780707;82,97071684112926;691;58,11606391925989
4cb6e86e1328e77e20b5f90771683cbe;sports_leisure;14;14;2018-03-11;12;2018-03-05;17;0,04505101364780707;83,01576785477707;692;58,20016820857864
49eeae59754cbcf1abeeffb8f51184ee;bed_bath_table;17;16;2018-07-12;11;2018-07-09;17;0,04505101364780707;83,06081886842487;693;58,28427249789739
0da9ffd92214425d880de3f94e74ce39;construction_tools_construction;16;16;2018-06-20;14;2018-06-18;17;0,04505101364780707;83,10586988207268;694;58,36837678721615
0cf573090c66bb30ac5e53c82bdb0403;telephony;15;12;2018-05-14;9;2018-05-14;17;0,04505101364780707;83,15092089572049;695;58,4524810765349
f7740e5b4337a3cc4a8a204553101a85;health_beauty;17;16;2018-08-12;9;2018-08-06;17;0,04505101364780707;83,1959719093683;696;58,536585365853654
83d199d296c44101c8c3b5c9c0cce9ea;toys;16;16;2018-05-10;15;2018-05-07;17;0,04505101364780707;83,2410229230161;697;58,620689655172406
f9be8e0e5acd947d8f49dbc390b9ab20;bed_bath_table;15;15;2018-06-26;14;2018-06-25;16;0,04240095402146549;83,28342387703756;698;58,70479394449117
f5badee8a0e679f057ec0ca4f0f32dcb;construction_tools_construction;16;16;2018-08-12;14;2018-08-06;16;0,04240095402146549;83,32582483105902;699;58,78889823380993
59f09deeea7c839a9212a19f3416b892;housewares;16;15;2018-07-01;13;2018-06-25;16;0,04240095402146549;83,36822578508048;700;58,87300252312868
5c3aca5c078a343b3b873362e7ac2fcc;watches_gifts;15;14;2018-07-04;8;2018-07-02;16;0,04240095402146549;83,41062673910194;701;58,957106812447435
6ab6d9589ae19abcee458918d4779fae;electronics;16;16;2018-08-01;14;2018-07-30;16;0,04240095402146549;83,4530276931234;702;59,04121110176619
a8d952e8e5436a6fe36d24c402d100de;telephony;16;15;2018-08-16;12;2018-08-13;16;0,04240095402146549;83,49542864714486;703;59,12531539108494
f8077831f3c3f393fb67b93c5acd8daf;home_construction;16;16;2018-08-14;11;2018-08-13;16;0,04240095402146549;83,53782960116632;704;59,2094196804037
59ebd2c07d59483d0855b5b3d5e18728;telephony;16;15;2018-07-13;11;2018-07-09;16;0,04240095402146549;83,58023055518778;705;59,29352396972245
3570caaeaa3f5a1ae76392bb2b4155f9;sports_leisure;14;14;2018-05-29;14;2018-05-28;16;0,04240095402146549;83,62263150920924;706;59,37762825904122
b2855c4e42b8a50f359904c6763eeddc;office_furniture;14;14;2018-05-08;10;2018-05-07;16;0,04240095402146549;83,6650324632307;707;59,46173254835997
e070a61270050c4b1b704300f331cca6;pet_shop;16;15;2018-08-12;13;2018-08-06;16;0,04240095402146549;83,70743341725216;708;59,54583683767872
158102fe543dbaeb84d87811bfe06d0d;furniture_decor;16;16;2018-04-06;11;2018-04-02;16;0,04240095402146549;83,74983437127362;709;59,62994112699748
6eb70dfb283dc3f645ed7b03c990dc72;audio;16;13;2018-07-27;9;2018-07-23;16;0,04240095402146549;83,79223532529508;710;59,71404541631623
14555ba663de8689feacf1d0819cc3b3;sports_leisure;15;15;2018-04-22;13;2018-04-16;16;0,04240095402146549;83,83463627931654;711;59,798149705634984
0fe922b7f7d43ef454bbc241416e7401;sports_leisure;15;14;2018-08-16;11;2018-08-13;16;0,04240095402146549;83,877037233338;712;59,882253994953736
0b0172eb0fd18479d29c3bc122c058c2;electronics;13;13;2018-06-28;11;2018-06-25;16;0,04240095402146549;83,91943818735946;713;59,9663582842725
4025ee582ef6b8c478af3b44cf89054b;bed_bath_table;16;16;2018-08-06;14;2018-08-06;16;0,04240095402146549;83,96183914138092;714;60,050462573591254
1a428b685ede76217c9efb550c4aaa59;bed_bath_table;13;13;2018-03-11;11;2018-03-05;16;0,04240095402146549;84,00424009540238;715;60,13456686291001
8d139b1550c8cc91a3babc9cfe9fc147;telephony;16;16;2018-08-15;15;2018-08-13;16;0,04240095402146549;84,04664104942384;716;60,218671152228765
f2d649f157cebee085ed738f23d5d6b7;baby;14;14;2018-08-02;13;2018-07-30;16;0,04240095402146549;84,0890420034453;717;60,30277544154752
08c816d9a716567bf436173ef6f5f12e;electronics;16;14;2018-06-20;10;2018-06-18;16;0,04240095402146549;84,13144295746676;718;60,38687973086627
060f0122cdc8f25db4a0d7359fdae7b0;watches_gifts;16;15;2018-08-16;10;2018-08-13;16;0,04240095402146549;84,17384391148822;719;60,47098402018503
429e7401fafb76436f15e86498bd7364;bed_bath_table;12;11;2018-07-26;10;2018-07-23;16;0,04240095402146549;84,21624486550968;720;60,55508830950378
98190f6a2c3253d07ca86525bb238162;electronics;13;12;2018-08-16;10;2018-08-13;16;0,04240095402146549;84,25864581953114;721;60,63919259882255
8fa67e5cb309b9cd7b4438e15948bdb2;drinks;14;13;2018-07-17;8;2018-07-16;16;0,04240095402146549;84,3010467735526;722;60,7232968881413
6ac3978babf6ca76087369391bb6ce5a;housewares;14;14;2018-08-16;10;2018-08-13;16;0,04240095402146549;84,34344772757406;723;60,80740117746005
cdc4af478fef19f03f1d0353c00271cd;watches_gifts;15;15;2018-08-13;13;2018-08-13;16;0,04240095402146549;84,38584868159552;724;60,8915054667788
c8abdbe349a97073e7aebc795be55bd8;sports_leisure;16;16;2018-03-22;13;2018-03-19;16;0,04240095402146549;84,42824963561698;725;60,97560975609756
f699b297070aa38aaf3de9639302506a;sports_leisure;16;16;2018-06-12;12;2018-06-11;16;0,04240095402146549;84,47065058963844;726;61,059714045416314
0521fe3eb04940304b489d0fb49a37dd;garden_tools;14;14;2018-03-02;12;2018-02-26;16;0,04240095402146549;84,5130515436599;727;61,143818334735066
65650c84064ff1a79e4a05988f4c3e9f;housewares;12;12;2018-05-22;11;2018-05-21;16;0,04240095402146549;84,55545249768136;728;61,22792262405383
f0c1c1d5ec61ce4c4846abd4283631df;food;13;12;2018-08-16;11;2018-08-13;16;0,04240095402146549;84,59785345170282;729;61,312026913372584
82a61259a621866c4ba63743da29a342;sports_leisure;16;15;2018-07-31;13;2018-07-30;16;0,04240095402146549;84,64025440572428;730;61,396131202691336
64d0feb1bcf9c7fe7b5dad3271c10910;furniture_decor;15;15;2018-04-14;12;2018-04-09;16;0,04240095402146549;84,68265535974574;731;61,480235492010095
183c95ad186f48c320bbac4643829d3f;fashion_bags_accessories;16;15;2018-08-16;14;2018-08-13;16;0,04240095402146549;84,7250563137672;732;61,56433978132885
668e8ee8f69c3545109fc40f72336e8f;sports_leisure;15;14;2018-07-17;10;2018-07-16;16;0,04240095402146549;84,76745726778866;733;61,6484440706476
5d790355cbeded0cd60e25cbc4c527a2;computers_accessories;15;15;2018-04-30;9;2018-04-30;16;0,04240095402146549;84,80985822181012;734;61,73254835996636
f521813909e310116b6b2f0b11f3dd44;furniture_decor;15;15;2018-08-19;10;2018-08-13;16;0,04240095402146549;84,85225917583158;735;61,81665264928511
7a7be236d8368315680071df4209dd4e;furniture_decor;13;12;2018-08-15;12;2018-08-13;16;0,04240095402146549;84,89466012985304;736;61,90075693860388
7935ddc510afb7d08989660b382b7f26;stationery;16;12;2018-03-12;7;2018-03-12;16;0,04240095402146549;84,9370610838745;737;61,98486122792263
9bfc55df037ce3ac01bfd84781adf7e5;audio;16;16;2018-08-11;12;2018-08-06;16;0,04240095402146549;84,97946203789596;738;62,06896551724138
cd2ea14a901da3b47b33516f3ca6929e;health_beauty;15;15;2018-08-02;11;2018-07-30;16;0,04240095402146549;85,02186299191742;739;62,15306980656013
c589625c8ccc7bfd2e8f1fb041e24c4a;health_beauty;15;11;2018-08-07;10;2018-08-06;16;0,04240095402146549;85,06426394593888;740;62,23717409587889
cd935d283d47f1050c505e1c39c48b67;sports_leisure;16;16;2018-08-16;16;2018-08-13;16;0,04240095402146549;85,10666489996034;741;62,321278385197644
e24f73b7631ee3fbb2ab700a9acaa258;fashion_bags_accessories;15;15;2018-06-17;13;2018-06-11;16;0,04240095402146549;85,1490658539818;742;62,405382674516396
50e1b118f266b655f613f753914c42db;bed_bath_table;15;15;2018-05-07;12;2018-05-07;16;0,04240095402146549;85,19146680800326;743;62,48948696383515
1ca737c9f8f06b3672be9f9f3f603d36;computers_accessories;16;15;2018-04-30;12;2018-04-30;16;0,04240095402146549;85,23386776202472;744;62,573591253153914
33202a8e7a645388c41ed714203d7131;food;15;14;2018-03-15;13;2018-03-12;16;0,04240095402146549;85,27626871604618;745;62,657695542472666
665aa1d687284a4d2d2b74c0c6724625;bed_bath_table;13;11;2018-04-07;10;2018-04-02;16;0,04240095402146549;85,31866967006764;746;62,741799831791425
5a7373ba4c9b3e13513ded06cd1986c4;sports_leisure;15;15;2018-08-14;13;2018-08-13;16;0,04240095402146549;85,3610706240891;747;62,82590412111018
be1c4cf8a2d2aade623eb7a646d2a0bc;bed_bath_table;14;14;2018-04-28;9;2018-04-23;16;0,04240095402146549;85,40347157811055;748;62,91000841042893
f71050e65776861c8c3ec7a2d2b0194c;housewares;15;14;2018-08-02;14;2018-07-30;15;0,039750894395123894;85,44322247250568;749;62,99411269974768
03e4e6709b7d6415746769c0bc3e9131;toys;15;14;2018-07-06;10;2018-07-02;15;0,039750894395123894;85,48297336690081;750;63,07821698906644
f67ad6b3366ae186b8d29087e6d5ebd0;auto;15;15;2018-08-18;11;2018-08-13;15;0,039750894395123894;85,52272426129593;751;63,1623212783852
fcaab5d7f656094e49fbe4ee3a506658;stationery;15;14;2018-08-15;11;2018-08-13;15;0,039750894395123894;85,56247515569106;752;63,24642556770396
0a9a9c25c5a06532d1766e00db833a7f;health_beauty;14;14;2018-08-18;13;2018-08-13;15;0,039750894395123894;85,60222605008619;753;63,33052985702271
caa41bf17e27022341da028e79152c4c;health_beauty;14;14;2018-06-18;10;2018-06-18;15;0,039750894395123894;85,64197694448131;754;63,41463414634146
03e931f387c2dd5b006aecdb12515b2e;bed_bath_table;14;14;2018-07-25;13;2018-07-23;15;0,039750894395123894;85,68172783887644;755;63,498738435660215
052413504e5295cd66ec4ced0b310062;watches_gifts;14;13;2018-08-06;8;2018-08-06;15;0,039750894395123894;85,72147873327157;756;63,582842724978974
08c63555bbee955cad9c6a9feab9e9d4;housewares;14;12;2018-08-16;9;2018-08-13;15;0,039750894395123894;85,7612296276667;757;63,666947014297726
457cd0a99cfa977993e4eb6d98d95abb;telephony;15;14;2018-08-17;11;2018-08-13;15;0,039750894395123894;85,80098052206182;758;63,75105130361648
3f3695c50cf443bfc1058ce0c8ab6a46;electronics;15;15;2018-06-25;11;2018-06-25;15;0,039750894395123894;85,84073141645695;759;63,835155592935244
ce066f4a83649651549d717c9b566816;sports_leisure;13;13;2018-06-27;11;2018-06-25;15;0,039750894395123894;85,88048231085207;760;63,919259882253996
8c38d21062ec6ee492c3500d01150b7a;electronics;10;10;2018-05-18;8;2018-05-14;15;0,039750894395123894;85,9202332052472;761;64,00336417157276
80df62ce491a20d390c9f69402310f0a;computers_accessories;14;14;2018-07-18;12;2018-07-16;15;0,039750894395123894;85,95998409964233;762;64,0874684608915
6c50c87e36d8641d67fbcceed5cfec5e;watches_gifts;13;12;2018-08-11;12;2018-08-06;15;0,039750894395123894;85,99973499403745;763;64,17157275021026
cb92637d91f8267856d2143b6fc7bd9e;sports_leisure;15;14;2018-03-15;9;2018-03-12;15;0,039750894395123894;86,03948588843258;764;64,25567703952902
44a6e4ecf7b48f87481c243383b1c4cf;health_beauty;15;15;2018-05-22;14;2018-05-21;15;0,039750894395123894;86,0792367828277;765;64,33978132884776
0bdd9a52d192d64770e33ae559512478;watches_gifts;14;14;2018-08-14;13;2018-08-13;15;0,039750894395123894;86,11898767722283;766;64,42388561816654
fc7138a8f96aee8302e42916bbbbb818;electronics;15;13;2018-08-17;9;2018-08-13;15;0,039750894395123894;86,15873857161796;767;64,50798990748528
3006b8f5b476750a03137c1b2755cea1;computers_accessories;15;15;2018-08-07;13;2018-08-06;15;0,039750894395123894;86,19848946601309;768;64,59209419680404
3429d7e4892a2df967fae671f4c98deb;health_beauty;15;14;2018-08-09;13;2018-08-06;15;0,039750894395123894;86,23824036040821;769;64,6761984861228
e3dd336775af78a83fc27ed85f0f15da;health_beauty;15;13;2018-06-08;10;2018-06-04;15;0,039750894395123894;86,27799125480334;770;64,76030277544155
31c1d1dfbb4b2730140b8bd9248bcd58;bed_bath_table;15;14;2018-08-06;14;2018-08-06;15;0,039750894395123894;86,31774214919847;771;64,8444070647603
ba9f160a6ae1c23f25d690fd06fe4fd8;toys;15;15;2018-04-27;12;2018-04-23;15;0,039750894395123894;86,35749304359359;772;64,92851135407905
bfc0d01be79d9038c7720f983bf954e0;watches_gifts;15;15;2018-06-06;13;2018-06-04;15;0,039750894395123894;86,39724393798872;773;65,01261564339781
334995514673fb6bae67885458b52984;housewares;14;14;2018-07-29;14;2018-07-23;15;0,039750894395123894;86,43699483238385;774;65,09671993271657
33fca9d59532dd4c191217a979346ab9;perfumery;14;14;2018-07-25;11;2018-07-23;15;0,039750894395123894;86,47674572677897;775;65,18082422203533
50d77758742285ff49f340ebdf0df5a7;home_appliances;15;12;2018-06-24;10;2018-06-18;15;0,039750894395123894;86,5164966211741;776;65,26492851135409
779dd392d4fbe5ca656bf3ceabecbf0b;construction_tools_construction;13;13;2018-08-18;10;2018-08-13;15;0,039750894395123894;86,55624751556923;777;65,34903280067283
1d7db62a21ffb4f220d3e8a05fa77e02;fashion_bags_accessories;15;15;2018-08-17;14;2018-08-13;15;0,039750894395123894;86,59599840996435;778;65,43313708999159
d4dccae17c83ffbaafc50d763503e9eb;housewares;10;10;2018-07-23;9;2018-07-23;15;0,039750894395123894;86,63574930435948;779;65,51724137931035
52e5fdcb5e51164483d584c75bd3a478;telephony;13;12;2018-05-27;10;2018-05-21;15;0,039750894395123894;86,6755001987546;780;65,6013456686291
9f7b48e2d4e4d7375f71a10791faa1b8;bed_bath_table;12;12;2018-04-14;11;2018-04-09;15;0,039750894395123894;86,71525109314973;781;65,68544995794785
9d395a6bc9dbad2dfe60c8c92d8df397;furniture_decor;15;14;2018-04-26;12;2018-04-23;15;0,039750894395123894;86,75500198754486;782;65,76955424726661
9bb2d066e4b33b624cbdfec7d50b3dcb;pet_shop;15;15;2018-08-17;15;2018-08-13;15;0,039750894395123894;86,79475288193998;783;65,85365853658537
9e0e152552a1323f7e5dcf63d50cdae3;perfumery;15;14;2018-03-03;13;2018-02-26;15;0,039750894395123894;86,83450377633511;784;65,93776282590412
d6aa421b9567e3e2a3a0caf8fb846cbc;housewares;11;11;2018-07-23;8;2018-07-23;15;0,039750894395123894;86,87425467073024;785;66,02186711522288
e456721fdab66b576664c035ad183965;fashion_bags_accessories;15;15;2018-03-23;14;2018-03-19;15;0,039750894395123894;86,91400556512536;786;66,10597140454163
e6fd80a00ebb1a3e0d58a38555fbbf2c;computers_accessories;15;13;2018-07-18;8;2018-07-16;15;0,039750894395123894;86,95375645952049;787;66,19007569386038
e78506414d2563b6414cfd84b7fa0802;perfumery;15;15;2018-02-01;12;2018-01-29;15;0,039750894395123894;86,99350735391562;788;66,27417998317914
e8c6039a25765995ac7c1ec2cbef5765;watches_gifts;14;14;2018-06-12;13;2018-06-11;15;0,039750894395123894;87,03325824831074;789;66,3582842724979
ab1106e227a745836a0dc83b374e2575;food;11;11;2018-08-02;10;2018-07-30;15;0,039750894395123894;87,07300914270587;790;66,44238856181666
1164c17af70425821f88bfbdc9e907a3;baby;15;14;2018-08-08;14;2018-08-06;15;0,039750894395123894;87,112760037101;791;66,52649285113542
0e40b1ed4cfd3da1962ec91913e54ba8;electronics;15;14;2018-07-15;12;2018-07-09;15;0,039750894395123894;87,15251093149612;792;66,61059714045416
0fc6914383c2bea767a9562c9d8b43a1;computers_accessories;14;14;2018-07-03;10;2018-07-02;15;0,039750894395123894;87,19226182589125;793;66,69470142977292
550dc4417c636abc04c71404342de695;computers_accessories;12;10;2018-07-23;9;2018-07-23;15;0,039750894395123894;87,23201272028638;794;66,77880571909168
b944aabf1fc45c01599ee96c7f4d533e;electronics;14;14;2018-07-15;12;2018-07-09;15;0,039750894395123894;87,2717636146815;795;66,86291000841042
d6bbda35f0b8505c2f824f1d90295855;toys;14;13;2018-03-26;8;2018-03-26;15;0,039750894395123894;87,31151450907663;796;66,94701429772918
36bd3e4daa4604d112f17dccd24ee59e;telephony;15;14;2018-08-19;9;2018-08-13;15;0,039750894395123894;87,35126540347176;797;67,03111858704794
196616257eff8bc851dc4fc041cbbbe9;furniture_living_room;10;10;2018-03-27;9;2018-03-26;15;0,039750894395123894;87,39101629786688;798;67,1152228763667
17ad136b7421ea8690fded631b651158;watches_gifts;14;14;2018-08-16;13;2018-08-13;15;0,039750894395123894;87,43076719226201;799;67,19932716568545
68bf40b3abd5ffc25981c25df9ed9087;stationery;15;14;2018-07-24;14;2018-07-23;15;0,039750894395123894;87,47051808665714;800;67,2834314550042
b30d7b0adcdc4a117f455472548155ec;home_appliances;15;14;2018-08-14;11;2018-08-13;15;0,039750894395123894;87,51026898105226;801;67,36753574432296
564f6ff7ae760d6eda6d32c551724036;bed_bath_table;13;11;2018-05-29;10;2018-05-28;15;0,039750894395123894;87,55001987544739;802;67,45164003364171
aed75ad669fbebd5a385ac7cc2ae7573;health_beauty;15;15;2018-08-05;14;2018-07-30;15;0,039750894395123894;87,58977076984252;803;67,53574432296047
163e6400e6dadd0fe04775c5e9331fda;baby;14;13;2018-05-30;12;2018-05-28;15;0,039750894395123894;87,62952166423764;804;67,61984861227923
62c89abe1afe3a23c17765d462718a4c;perfumery;15;14;2018-08-19;11;2018-08-13;15;0,039750894395123894;87,66927255863277;805;67,70395290159799
394b16cd32e9f883365dd7ebac4edbe0;electronics;15;14;2018-08-19;12;2018-08-13;15;0,039750894395123894;87,7090234530279;806;67,78805719091675
226be9996759442f90f73b7d24c6baff;housewares;10;10;2018-05-22;9;2018-05-21;15;0,039750894395123894;87,74877434742302;807;67,87216148023549
86133a2151bd98a3ed2ad758709e6d1b;cool_stuff;14;13;2018-08-09;11;2018-08-06;15;0,039750894395123894;87,78852524181815;808;67,95626576955425
7b44e5ea770ef06810f5df89006cc8b2;electronics;14;13;2018-07-12;12;2018-07-09;15;0,039750894395123894;87,82827613621328;809;68,040370058873
e178e8610a35f4d6c9b0934fb5e20e85;health_beauty;13;13;2018-07-31;8;2018-07-30;15;0,039750894395123894;87,8680270306084;810;68,12447434819175
db6677c6f890ba1730c0b75bd8132579;health_beauty;14;13;2018-07-01;11;2018-06-25;15;0,039750894395123894;87,90777792500353;811;68,20857863751051
839321c2db7b3b3eaff4944c3b052ecd;housewares;12;12;2018-08-06;10;2018-08-06;15;0,039750894395123894;87,94752881939866;812;68,29268292682927
f4f4debbcfcafe6858d1e37a1f6e436e;office_furniture;15;13;2018-07-31;11;2018-07-30;15;0,039750894395123894;87,98727971379378;813;68,37678721614803
ed77034b92386a1a8cfd3c648d715dde;telephony;13;12;2018-06-21;9;2018-06-18;15;0,039750894395123894;88,02703060818891;814;68,46089150546678
ed5122a6a757a4fea8f32a6fb95a5135;bed_bath_table;14;14;2018-05-14;12;2018-05-14;15;0,039750894395123894;88,06678150258404;815;68,54499579478554
fa381a4a9af65ea5fc8f3829214045f9;sports_leisure;15;15;2018-07-05;15;2018-07-02;15;0,039750894395123894;88,10653239697916;816;68,6291000841043
f03859e4cc21018569f5ae7a03897ff4;consoles_games;15;15;2018-06-14;10;2018-06-11;15;0,039750894395123894;88,14628329137429;817;68,71320437342304
f3c5707e7c539ab6533e3611da02b648;bed_bath_table;15;15;2018-08-16;13;2018-08-13;15;0,039750894395123894;88,18603418576942;818;68,7973086627418
2b939dc9b176d7fa21594d588815d4a4;luggage_accessories;14;14;2018-07-19;12;2018-07-16;15;0,039750894395123894;88,22578508016454;819;68,88141295206054
2bb3e85f2a403543fdb64e266e70c792;toys;15;15;2018-05-20;13;2018-05-14;15;0,039750894395123894;88,26553597455967;820;68,96551724137932
077599a82ee54960bc4f4c941b0d1359;health_beauty;15;14;2018-08-17;12;2018-08-13;15;0,039750894395123894;88,3052868689548;821;69,04962153069806
0dce093fc7ec4dec214256df878e3c08;watches_gifts;14;14;2018-07-20;14;2018-07-16;14;0,037100834768782294;88,34238770372357;822;69,13372582001682
07821918ef487fd64eb20b3c8aeb897f;computers_accessories;10;10;2018-08-09;9;2018-08-06;14;0,037100834768782294;88,37948853849235;823;69,21783010933558
26b2a480ced2900a62bb9431133e95aa;construction_tools_lights;14;12;2018-08-08;10;2018-08-06;14;0,037100834768782294;88,41658937326113;824;69,30193439865432
2827ebfb043a328a13a06ca9165cad0a;bed_bath_table;11;11;2018-07-21;8;2018-07-16;14;0,037100834768782294;88,45369020802991;825;69,38603868797308
29fd9022374ff3fef2e8f82c39b4133e;bed_bath_table;14;14;2018-08-15;12;2018-08-13;14;0,037100834768782294;88,49079104279869;826;69,47014297729184
f32415d23c358ef1e387a7d329d9ce9f;stationery;13;13;2018-07-18;11;2018-07-16;14;0,037100834768782294;88,52789187756747;827;69,5542472666106
25d6edcd216a9ee579f19f92d694f7d5;telephony;14;14;2018-05-01;12;2018-04-30;14;0,037100834768782294;88,56499271233625;828;69,63835155592936
7ac5f520abfc0589418bc7c76cea7a7c;bed_bath_table;14;13;2018-07-25;12;2018-07-23;14;0,037100834768782294;88,60209354710503;829;69,7224558452481
2e513e110e3f95926fa3d1ac44444ff4;electronics;13;12;2018-07-18;11;2018-07-16;14;0,037100834768782294;88,6391943818738;830;69,80656013456687
5c6a3e484e7aebf406c2045718dea406;health_beauty;14;13;2018-08-14;11;2018-08-13;14;0,037100834768782294;88,67629521664259;831;69,89066442388562
59c5e6e108b88212fb98525c9000ecfb;office_furniture;14;14;2018-08-06;14;2018-08-06;14;0,037100834768782294;88,71339605141137;832;69,97476871320437
5994a2fdff4b0f9ca4376c4226adb442;housewares;12;11;2018-05-12;10;2018-05-07;14;0,037100834768782294;88,75049688618014;833;70,05887300252313
a8b0dd2c57b49b649373ff5a495a697e;computers_accessories;14;14;2018-08-16;12;2018-08-13;14;0,037100834768782294;88,78759772094892;834;70,14297729184187
6abd84909e8ed79ef808c16f90b91093;health_beauty;12;11;2018-08-17;10;2018-08-13;14;0,037100834768782294;88,8246985557177;835;70,22708158116065
af56e0203193f066ed64cbbbbf95ae6a;sports_leisure;13;13;2018-03-25;8;2018-03-19;14;0,037100834768782294;88,86179939048648;836;70,31118587047939
b09790edda54333116f9cf1decc580a1;bed_bath_table;14;14;2018-07-29;12;2018-07-23;14;0,037100834768782294;88,89890022525526;837;70,39529015979815
610c673331ac3c4fa0f393ce5af9aa2e;electronics;12;12;2018-06-30;11;2018-06-25;14;0,037100834768782294;88,93600106002404;838;70,47939444911691
60495adb1f1a49c8aea75e5e56a47a48;health_beauty;14;14;2018-05-22;13;2018-05-21;14;0,037100834768782294;88,97310189479282;839;70,56349873843565
b4f9530c931398e215242293c2c8ba4c;fixed_telephony;13;12;2018-05-06;10;2018-04-30;14;0,037100834768782294;89,0102027295616;840;70,64760302775441
b756577e274d3a4793fc27209d7072db;health_beauty;11;11;2018-03-12;9;2018-03-12;14;0,037100834768782294;89,04730356433038;841;70,73170731707317
b4fc7e84dcaf2fcf3edb234e30362929;sports_leisure;13;13;2018-03-11;10;2018-03-05;14;0,037100834768782294;89,08440439909916;842;70,81581160639192
3b10cf7d1e08c598428ad6eb7c59d09c;bed_bath_table;12;11;2018-08-01;8;2018-07-30;14;0,037100834768782294;89,12150523386794;843;70,89991589571069
dc68ee0fcb033a1ab6714fbb5db60c15;furniture_decor;12;11;2018-03-19;9;2018-03-19;14;0,037100834768782294;89,15860606863671;844;70,98402018502944
dd60cac04e6bcbc919cb1c7dcc473211;housewares;14;14;2018-07-23;13;2018-07-23;14;0,037100834768782294;89,1957069034055;845;71,0681244743482
3bbacbe586e957acbf26c63b3ed532a3;pet_shop;14;14;2018-07-01;12;2018-06-25;14;0,037100834768782294;89,23280773817427;846;71,15222876366694
2fd89f236e3e8f4b81b7b74f09f40186;toys;12;12;2018-08-10;10;2018-08-06;14;0,037100834768782294;89,26990857294305;847;71,2363330529857
ddb9028236525b8ab493fc24f99e8d1a;bed_bath_table;11;11;2018-06-04;9;2018-06-04;14;0,037100834768782294;89,30700940771183;848;71,32043734230446
81b6c7c058add831803fcbba6dcc1df2;bed_bath_table;14;13;2018-08-13;11;2018-08-13;14;0,037100834768782294;89,34411024248061;849;71,4045416316232
f76a9967d2129cda56d7b3be6cb5c9cf;telephony;13;13;2018-03-24;10;2018-03-19;14;0,037100834768782294;89,38121107724939;850;71,48864592094198
84d2057bc1f88332d0892eea0e997d28;telephony;13;13;2018-07-23;12;2018-07-23;14;0,037100834768782294;89,41831191201817;851;71,57275021026072
7088744b00831b410bd17716cb578f39;computers_accessories;10;10;2018-07-05;9;2018-07-02;14;0,037100834768782294;89,45541274678695;852;71,65685449957948
c5d8b84a90f73bd09c30e71e76caaa11;market_place;13;13;2018-06-07;11;2018-06-04;14;0,037100834768782294;89,49251358155573;853;71,74095878889824
1dceebcc5f23c02ea23e16d5bedca000;cds_dvds_musicals;12;12;2018-04-20;10;2018-04-16;14;0,037100834768782294;89,5296144163245;854;71,82506307821698
9af7b4a3262141c12ba9bd489a8573c7;market_place;14;14;2018-08-16;12;2018-08-13;14;0,037100834768782294;89,56671525109329;855;71,90916736753574
cf5fb18f3ac3f373759295cc8ba3e2c3;health_beauty;14;14;2018-07-22;11;2018-07-16;14;0,037100834768782294;89,60381608586206;856;71,99327165685449
ef0e165d773ec293c5aeb5470a08b183;cool_stuff;14;13;2018-05-21;11;2018-05-21;14;0,037100834768782294;89,64091692063084;857;72,07737594617325
91442659f31ec0f0fc73215e77854fac;watches_gifts;13;12;2018-08-15;11;2018-08-13;14;0,037100834768782294;89,67801775539962;858;72,16148023549202
4cafc445fc7535c3b41b8978c0ce68dc;industry_commerce_and_business;14;14;2018-05-13;10;2018-05-07;14;0,037100834768782294;89,7151185901684;859;72,24558452481077
caf540627b7914ab734c86495fdc95ee;furniture_decor;13;13;2018-06-25;10;2018-06-25;14;0,037100834768782294;89,75221942493718;860;72,32968881412953
43b54d1fc56ff394092a3dff6be2d39f;health_beauty;14;14;2018-08-13;10;2018-08-13;14;0,037100834768782294;89,78932025970596;861;72,41379310344827
7612afaa8218e79b3011243ed9edea9c;sports_leisure;14;13;2018-08-07;11;2018-08-06;14;0,037100834768782294;89,82642109447474;862;72,49789739276703
750dcfda0a9788bba89c94bb82a322db;housewares;14;13;2018-07-20;10;2018-07-16;14;0,037100834768782294;89,86352192924352;863;72,58200168208579
78819ab10b4a44927c832a21c06849e0;computers_accessories;14;13;2018-07-26;13;2018-07-23;14;0,037100834768782294;89,9006227640123;864;72,66610597140453
7614c62b86a81021243e438cfde78ccc;health_beauty;14;14;2018-07-14;14;2018-07-09;14;0,037100834768782294;89,93772359878108;865;72,75021026072329
978859c6048ded0fa8bf3b9ea8236387;housewares;14;13;2018-03-12;12;2018-03-12;14;0,037100834768782294;89,97482443354986;866;72,83431455004205
946344697156947d846d27fe0d503033;bed_bath_table;14;14;2018-08-10;10;2018-08-06;14;0,037100834768782294;90,01192526831863;867;72,91841883936081
a5e537da8376b8623758e0186bfa400f;small_appliances;13;12;2018-08-17;10;2018-08-13;14;0,037100834768782294;90,04902610308741;868;73,00252312867957
51e8feeedd83467b86a79aa2769367c5;toys;10;10;2018-08-13;8;2018-08-13;14;0,037100834768782294;90,08612693785619;869;73,08662741799832
d0349534ab9b46b98d13a53051310f24;computers_accessories;11;11;2018-08-10;10;2018-08-06;14;0,037100834768782294;90,12322777262497;870;73,17073170731707
cf8316c961640d38321241895b7811c2;bed_bath_table;14;13;2018-05-08;11;2018-05-07;14;0,037100834768782294;90,16032860739375;871;73,25483599663582
a5db7a80a8d9c9d49050360fceb6ffd4;stationery;14;14;2018-08-18;10;2018-08-13;14;0,037100834768782294;90,19742944216253;872;73,33894028595458
a45af86c4a7948f5fabbb5b0132475cd;housewares;14;14;2018-08-19;14;2018-08-13;14;0,037100834768782294;90,23453027693131;873;73,42304457527334
e54464e95c9fb80e4edefa0ba49133c1;toys;14;14;2018-05-21;13;2018-05-21;14;0,037100834768782294;90,27163111170009;874;73,5071488645921
332842d24e84234cd91299a225de76ab;watches_gifts;12;10;2018-06-07;8;2018-06-04;14;0,037100834768782294;90,30873194646887;875;73,59125315391086
2267f81f3634e3fdd5d27151ddad3c26;cool_stuff;14;13;2018-08-15;11;2018-08-13;14;0,037100834768782294;90,34583278123765;876;73,6753574432296
02ee0862685e90b57cc241b7c9885f95;perfumery;14;14;2018-07-04;9;2018-07-02;14;0,037100834768782294;90,38293361600643;877;73,75946173254836
4293865e4ead3d446609086b4cfedb4f;bed_bath_table;14;14;2018-03-21;13;2018-03-19;14;0,037100834768782294;90,4200344507752;878;73,84356602186712
4180a49d4b879e727ad2c8e82a9f4d87;sports_leisure;10;10;2018-07-20;9;2018-07-16;14;0,037100834768782294;90,45713528554398;879;73,92767031118586
8b51c6ccc9c0548c951214e1cd1547ff;bed_bath_table;14;13;2018-08-16;12;2018-08-13;14;0,037100834768782294;90,49423612031276;880;74,01177460050462
7dd3fec3502f7ef333da2a73e00db394;perfumery;14;14;2018-08-03;11;2018-07-30;14;0,037100834768782294;90,53133695508154;881;74,09587888982338
905b384ac5667170689505bbf30f1d07;bed_bath_table;13;13;2018-06-13;12;2018-06-11;14;0,037100834768782294;90,56843778985032;882;74,17998317914214
72a30483855e2eafc67aee5dc2560482;sports_leisure;11;11;2018-05-26;10;2018-05-21;14;0,037100834768782294;90,6055386246191;883;74,2640874684609
6c8b2975a4a05d1f36948b20753b29ca;garden_tools;13;13;2018-08-17;11;2018-08-13;14;0,037100834768782294;90,64263945938788;884;74,34819175777965
e68a5a5626c4b1bfc5ca78202f898300;cool_stuff;14;14;2018-03-28;12;2018-03-26;14;0,037100834768782294;90,67974029415666;885;74,4322960470984
54b755678728b84472c2b654ac4de777;food_drink;12;11;2018-04-10;8;2018-04-09;14;0,037100834768782294;90,71684112892544;886;74,51640033641715
5570e58fb62fc2a83e5bda3974e35be5;bed_bath_table;12;12;2018-07-31;11;2018-07-30;14;0,037100834768782294;90,75394196369422;887;74,60050462573591
0ec7b6a863e219792bc4d50d3a62a839;bed_bath_table;13;13;2018-08-10;8;2018-08-06;14;0,037100834768782294;90,791042798463;888;74,68460891505467
bace90a7338e9d31371ad47811cf4c7d;bed_bath_table;13;13;2018-08-15;13;2018-08-13;14;0,037100834768782294;90,82814363323178;889;74,76871320437343
12f066474dfa3c415c169051c5e1967e;telephony;12;12;2018-07-23;9;2018-07-23;14;0,037100834768782294;90,86524446800055;890;74,85281749369219
1427b126f61597524866770b05d4eed2;computers_accessories;14;14;2018-07-19;12;2018-07-16;14;0,037100834768782294;90,90234530276933;891;74,93692178301093
ad0a798e7941f3a5a2fb8139cb62ad78;bed_bath_table;12;12;2018-08-10;10;2018-08-06;13;0,0344507751424407;90,93679607791178;892;75,02102607232969
ae6b739ab6e9d7991fb2ddd70f9c0b6b;housewares;13;12;2018-04-01;11;2018-03-26;13;0,0344507751424407;90,97124685305423;893;75,10513036164845
ae17f8265a23421715164ab420b62b36;housewares;13;12;2018-07-20;12;2018-07-16;13;0,0344507751424407;91,00569762819667;894;75,1892346509672
187e7d92b8168c3661824809d0c5dffb;health_beauty;12;12;2018-03-06;12;2018-03-05;13;0,0344507751424407;91,04014840333912;895;75,27333894028595
a04f52ded97b5530e8783e3c002b90f0;bed_bath_table;12;12;2018-07-17;11;2018-07-16;13;0,0344507751424407;91,07459917848156;896;75,35744322960471
16bf176650a888512655cc94f61860e3;watches_gifts;11;10;2018-06-21;8;2018-06-18;13;0,0344507751424407;91,10904995362401;897;75,44154751892347
61509eaebb2d4bd1a7511b1a75703f8c;housewares;11;11;2018-05-12;9;2018-05-07;13;0,0344507751424407;91,14350072876645;898;75,52565180824222
b3cf0a98f31b76ed0cec13d9c77102c4;market_place;13;13;2018-06-14;11;2018-06-11;13;0,0344507751424407;91,1779515039089;899;75,60975609756098
2e64d11879c5bbda600381dbb5452a38;health_beauty;13;13;2018-06-24;11;2018-06-18;13;0,0344507751424407;91,21240227905135;900;75,69386038687973
f20a14d45e85b05ef554d10d7283f7da;telephony;13;13;2018-07-27;12;2018-07-23;13;0,0344507751424407;91,24685305419379;901;75,77796467619848
07a949f27854f64558f8babcfec441cc;bed_bath_table;12;12;2018-06-21;8;2018-06-18;13;0,0344507751424407;91,28130382933624;902;75,86206896551724
efcef300fe9b2c558a8ea258127f6e6f;pet_shop;11;11;2018-08-16;10;2018-08-13;13;0,0344507751424407;91,31575460447868;903;75,946173254836
28beefcab28e6a3b659bae1bf1cbe453;telephony;13;13;2018-08-05;10;2018-07-30;13;0,0344507751424407;91,35020537962113;904;76,03027754415476
16c4e87b98a9370a9cbc3a4658a3f45b;musical_instruments;13;13;2018-06-12;12;2018-06-11;13;0,0344507751424407;91,38465615476358;905;76,11438183347352
a0fe1efb855f3e786f0650268cd77f44;agro_industry_and_commerce;12;12;2018-07-30;9;2018-07-30;13;0,0344507751424407;91,41910692990602;906;76,19848612279226
5804729aafca1ebee7b26895d830586e;housewares;12;12;2018-07-06;10;2018-07-02;13;0,0344507751424407;91,45355770504847;907;76,28259041211102
17a019676883dce326999c11a46a14f0;musical_instruments;13;13;2018-08-13;12;2018-08-13;13;0,0344507751424407;91,48800848019091;908;76,36669470142976
5c973b4202aac5c372a483e712306f4f;bed_bath_table;13;11;2018-06-16;10;2018-06-11;13;0,0344507751424407;91,52245925533336;909;76,45079899074852
b76364870c38ddd7dcc9dd9ab5abeeb4;small_appliances;13;12;2018-03-19;9;2018-03-19;13;0,0344507751424407;91,5569100304758;910;76,53490328006728
fb6782985a98aa8a59238f58239f6f1e;computers_accessories;13;13;2018-03-19;10;2018-03-19;13;0,0344507751424407;91,59136080561825;911;76,61900756938604
f102842fbe436027eeeb7fc76d3063aa;consoles_games;13;13;2018-07-29;11;2018-07-23;13;0,0344507751424407;91,6258115807607;912;76,7031118587048
83b23a333b811855258c5ec9431f6d3e;health_beauty;13;13;2018-08-16;13;2018-08-13;13;0,0344507751424407;91,66026235590314;913;76,78721614802355
86f2416d4670e4ea3ca5494d043d9f24;office_furniture;10;10;2018-08-06;10;2018-08-06;13;0,0344507751424407;91,69471313104559;914;76,8713204373423
83b92639fffd1d55c9e04c77c86d8d2c;computers_accessories;13;12;2018-06-04;8;2018-06-04;13;0,0344507751424407;91,72916390618803;915;76,95542472666106
42eb5329dd0ee3d76d135ce04c84451b;food_drink;13;13;2018-08-16;13;2018-08-13;13;0,0344507751424407;91,76361468133048;916;77,03952901597981
c7b3b8509e06ae21abdd78b541215cda;perfumery;13;12;2018-08-10;8;2018-08-06;13;0,0344507751424407;91,79806545647293;917;77,12363330529857
0cf13ac73dbcf6586ba63b89dd1f780a;furniture_decor;13;13;2018-03-30;12;2018-03-26;13;0,0344507751424407;91,83251623161537;918;77,20773759461733
f4d450a6163f21cf9db8bcdf8c7e50f8;office_furniture;11;11;2018-06-13;10;2018-06-11;13;0,0344507751424407;91,86696700675782;919;77,29184188393609
092be1e8336fc404c57bd5970d056886;food;13;13;2018-08-18;10;2018-08-13;13;0,0344507751424407;91,90141778190026;920;77,37594617325485
8934769521d632e65c27992662f05673;cool_stuff;13;13;2018-04-06;11;2018-04-02;13;0,0344507751424407;91,93586855704271;921;77,46005046257359
cce679660c66e6fbd5c8091dfd29e9cd;bed_bath_table;13;13;2018-08-15;10;2018-08-13;13;0,0344507751424407;91,97031933218516;922;77,54415475189235
ccb162ed569f47d83f62aebd5700d7ad;air_conditioning;13;10;2018-07-30;8;2018-07-30;13;0,0344507751424407;92,0047701073276;923;77,6282590412111
005030ef108f58b46b78116f754d8d38;perfumery;13;12;2018-08-18;10;2018-08-13;13;0,0344507751424407;92,03922088247005;924;77,71236333052985
f27aff266ad97e75d4a24c893b2c311e;home_appliances_2;13;13;2018-08-08;12;2018-08-06;13;0,0344507751424407;92,0736716576125;925;77,79646761984861
8f83335d6508c667813ff14dc437bc81;perfumery;12;12;2018-04-27;9;2018-04-23;13;0,0344507751424407;92,10812243275494;926;77,88057190916736
73bc42701d50d3c0673b38ea8fbe2e32;office_furniture;11;10;2018-07-19;10;2018-07-16;13;0,0344507751424407;92,14257320789739;927;77,96467619848613
211293b50935ced8d4370f552c482d74;drinks;12;11;2018-04-23;10;2018-04-23;13;0,0344507751424407;92,17702398303983;928;78,04878048780488
9ae64e1163bf254bad20d5155cffb99d;stationery;13;13;2018-06-23;11;2018-06-18;13;0,0344507751424407;92,21147475818228;929;78,13288477712364
c1ad8ac66c91ad301cefc322ba2adf31;watches_gifts;13;12;2018-08-08;8;2018-08-06;13;0,0344507751424407;92,24592553332472;930;78,2169890664424
c1dfd7dc17df380ed269d0fc905f6e22;housewares;12;11;2018-07-25;10;2018-07-23;13;0,0344507751424407;92,28037630846717;931;78,30109335576114
450c25d98ed6923154a934554475bf13;health_beauty;13;12;2018-08-17;10;2018-08-13;13;0,0344507751424407;92,31482708360961;932;78,3851976450799
c354569eefd558bf201d0aedf35608ed;bed_bath_table;11;10;2018-03-20;10;2018-03-19;13;0,0344507751424407;92,34927785875206;933;78,46930193439864
c2fb73db15e28aa021dcf7b2856fef27;baby;13;13;2018-08-14;13;2018-08-13;13;0,0344507751424407;92,3837286338945;934;78,55340622371742
45b280868bcc8124d9309f459a42eeaf;sports_leisure;12;11;2018-07-02;9;2018-07-02;13;0,0344507751424407;92,41817940903695;935;78,63751051303616
8bab563be2e3316280e3990af91da7b7;electronics;13;13;2018-05-07;9;2018-05-07;13;0,0344507751424407;92,4526301841794;936;78,72161480235492
9a0620ddaf3055b7e588e936e036a529;bed_bath_table;10;10;2018-07-20;10;2018-07-16;13;0,0344507751424407;92,48708095932184;937;78,80571909167368
8b5227e28272123eefd613a10ffd7704;watches_gifts;13;13;2018-07-31;9;2018-07-30;13;0,0344507751424407;92,52153173446429;938;78,88982338099242
9048cbd294fe0c1a3ec8c8248bc2cadd;musical_instruments;13;13;2018-08-19;9;2018-08-13;13;0,0344507751424407;92,55598250960674;939;78,97392767031118
3258acb04d37e2f91f76c9250f3b80a0;health_beauty;12;12;2018-07-24;9;2018-07-23;13;0,0344507751424407;92,59043328474918;940;79,05803195962994
31fd02b02c33827cbde22902cf80338c;housewares;13;13;2018-05-07;9;2018-05-07;13;0,0344507751424407;92,62488405989163;941;79,14213624894869
e2372fa4eec7531e44bb43844876e25b;health_beauty;13;13;2018-08-08;12;2018-08-06;13;0,0344507751424407;92,65933483503407;942;79,22624053826746
bd7cab8de4d7943286634023cc06f8ff;baby;13;13;2018-06-09;10;2018-06-04;13;0,0344507751424407;92,69378561017652;943;79,3103448275862
0f91b6a95a57a43203a9b17de98960d9;health_beauty;12;12;2018-08-13;12;2018-08-13;13;0,0344507751424407;92,72823638531897;944;79,39444911690497
0ec96e6d31a1493b0475805c9ae1a0a2;furniture_decor;10;10;2018-07-15;8;2018-07-09;13;0,0344507751424407;92,76268716046141;945;79,47855340622371
a84d0660dbffebf352aefbf1a6b18d00;watches_gifts;13;12;2018-08-12;12;2018-08-06;13;0,0344507751424407;92,79713793560386;946;79,56265769554247
588ec31c89dea5de5dc87e15790df3f4;bed_bath_table;10;10;2018-07-18;9;2018-07-16;13;0,0344507751424407;92,8315887107463;947;79,64676198486123
78f29023586e374cdc3773ce0af6bd2c;construction_tools_construction;13;13;2018-08-18;10;2018-08-13;13;0,0344507751424407;92,86603948588875;948;79,73086627417997
ffa7e0cbe11656d11a117b534bb1db27;health_beauty;10;9;2018-08-08;8;2018-08-06;13;0,0344507751424407;92,9004902610312;949;79,81497056349875
da6f9d8ce4950ad572b7b4fe7d7e6c90;health_beauty;12;12;2018-05-08;10;2018-05-07;13;0,0344507751424407;92,93494103617364;950;79,89907485281749
3a05a947f28cf46d789adedc107d7595;sports_leisure;12;12;2018-07-23;12;2018-07-23;13;0,0344507751424407;92,96939181131609;951;79,98317914213625
3625fbaf8284047185fb0351f2f84ae3;sports_leisure;13;12;2018-08-10;8;2018-08-06;13;0,0344507751424407;93,00384258645853;952;80,06728343145501
63085bb4366ded27bcb63cbb59b4103a;baby;13;13;2018-05-17;11;2018-05-14;13;0,0344507751424407;93,03829336160098;953;80,15138772077376
b6e352d888ba31d8999af279cd63aa24;housewares;13;13;2018-08-04;10;2018-07-30;13;0,0344507751424407;93,07274413674342;954;80,23549201009251
35537536ed2b4c561b4018bf3abf54e0;sports_leisure;13;12;2018-08-10;9;2018-08-06;13;0,0344507751424407;93,10719491188587;955;80,31959629941127
d322eb25f02924adba73e58dbc36b29c;watches_gifts;13;13;2018-07-13;12;2018-07-09;13;0,0344507751424407;93,14164568702832;956;80,40370058873002
b83738ac1903f7c8f0ed378cb085909c;electronics;12;12;2018-05-14;11;2018-05-14;13;0,0344507751424407;93,17609646217076;957;80,48780487804879
d0fe4295267f15ccaceac4fb233d8c9a;computers_accessories;13;13;2018-04-07;11;2018-04-02;13;0,0344507751424407;93,21054723731321;958;80,57190916736754
d06466afa11453b6450b70992c90ece7;health_beauty;13;11;2018-08-08;8;2018-08-06;13;0,0344507751424407;93,24499801245565;959;80,6560134566863
4b456247c6fd6370f0c01903b0c6d67d;computers_accessories;13;13;2018-03-26;11;2018-03-26;13;0,0344507751424407;93,2794487875981;960;80,74011774600504
913803e9e4b81c3fed4841cbbfdc59fd;sports_leisure;12;12;2018-03-28;10;2018-03-26;13;0,0344507751424407;93,31389956274054;961;80,8242220353238
a5e74dc2d01e8b9df1590c7160358273;housewares;10;10;2018-08-17;9;2018-08-13;13;0,0344507751424407;93,34835033788299;962;80,90832632464256
5b3aa845bba5aa7ba1216e36ae882cfa;health_beauty;10;10;2018-07-19;9;2018-07-16;13;0,0344507751424407;93,38280111302544;963;80,9924306139613
1d4de03a6141ce2a2ae5a97f51cabb37;bed_bath_table;13;13;2018-05-15;10;2018-05-14;13;0,0344507751424407;93,41725188816788;964;81,07653490328006
92503fc18ca14a8f32c182ce3f1b9f05;stationery;10;10;2018-08-12;9;2018-08-06;13;0,0344507751424407;93,45170266331033;965;81,16063919259882
76b7fa5da50b22fe17d1e7bbde661106;furniture_decor;11;11;2018-07-10;10;2018-07-09;13;0,0344507751424407;93,48615343845277;966;81,24474348191758
937c825572d26b9e5a723527c6d625c6;bed_bath_table;12;12;2018-08-19;10;2018-08-13;13;0,0344507751424407;93,52060421359522;967;81,32884777123634
12a146749cb72ebfde01a89105df1897;sports_leisure;12;12;2018-08-13;10;2018-08-13;13;0,0344507751424407;93,55505498873767;968;81,41295206055509
2078312a2dcf1fcd8a38eabcf5dd033a;furniture_decor;13;13;2018-07-13;13;2018-07-09;13;0,0344507751424407;93,58950576388011;969;81,49705634987384
54af11c815f92135fb554bd9c97dd418;bed_bath_table;11;11;2018-03-11;8;2018-03-05;13;0,0344507751424407;93,62395653902256;970;81,58116063919259
02475368dfb38934fe55f574024fe1d7;watches_gifts;12;12;2018-07-22;11;2018-07-16;12;0,031800715516099115;93,65575725453866;971;81,66526492851135
28bc7d95951d962dd5cdda791e07b56f;bed_bath_table;11;11;2018-08-16;9;2018-08-13;12;0,031800715516099115;93,68755797005475;972;81,74936921783012
2d110366dd24a714cb50dddc30b4101c;sports_leisure;12;12;2018-05-09;12;2018-05-07;12;0,031800715516099115;93,71935868557085;973;81,83347350714887
f9a508234fed38c95437c5a16b847774;consoles_games;12;12;2018-08-04;10;2018-07-30;12;0,031800715516099115;93,75115940108695;974;81,91757779646763
f0b543161e745b6c80a79c368db167a5;telephony;12;12;2018-05-12;9;2018-05-07;12;0,031800715516099115;93,78296011660305;975;82,00168208578637
2de5c479fb0c490a0f2a2f3ab36e71b6;garden_tools;12;12;2018-08-06;11;2018-08-06;12;0,031800715516099115;93,81476083211915;976;82,08578637510513
fa7be99321f2dbb1e518d2139ccb1d39;sports_leisure;12;12;2018-07-31;9;2018-07-30;12;0,031800715516099115;93,84656154763525;977;82,16989066442389
868b3136c5b206f91b8208fbfdf2cb7c;bed_bath_table;12;12;2018-08-09;10;2018-08-06;12;0,031800715516099115;93,87836226315135;978;82,25399495374263
7ae8d9b8eca8a6daf066e53ddc7034d3;electronics;12;12;2018-07-19;12;2018-07-16;12;0,031800715516099115;93,91016297866744;979;82,3380992430614
a91c1a94d83d36316c44e00e738607b1;auto;12;11;2018-08-17;10;2018-08-13;12;0,031800715516099115;93,94196369418354;980;82,42220353238015
ae7d8348fbef50928a680454fffbca00;sports_leisure;12;11;2018-07-10;10;2018-07-09;12;0,031800715516099115;93,97376440969964;981;82,50630782169891
ae083e4a334a4210ae0ef7323f1584c5;health_beauty;12;12;2018-03-21;12;2018-03-19;12;0,031800715516099115;94,00556512521574;982;82,59041211101767
694e58e56c74114ee0628c25f3f26f8c;sports_leisure;11;10;2018-07-02;10;2018-07-02;12;0,031800715516099115;94,03736584073184;983;82,67451640033642
a30ea5a9dbd95db5a674c4beadb4fb0d;perfumery;12;11;2018-05-08;9;2018-05-07;12;0,031800715516099115;94,06916655624794;984;82,75862068965517
5d5288d3096b9becaa3566f64fe88110;sports_leisure;11;11;2018-06-23;10;2018-06-18;12;0,031800715516099115;94,10096727176403;985;82,84272497897392
5e21d5cab5d33e770d8150a4ee6117db;watches_gifts;11;11;2018-04-14;8;2018-04-09;12;0,031800715516099115;94,13276798728013;986;82,92682926829268
5999995b8f64d769dbc6f592b86d6f8a;pet_shop;12;12;2018-08-19;10;2018-08-13;12;0,031800715516099115;94,16456870279623;987;83,01093355761144
b47865eeb745bcbfca95513b46bd977d;office_furniture;10;10;2018-05-29;10;2018-05-28;12;0,031800715516099115;94,19636941831233;988;83,0950378469302
b2e22c958b453a43a650a579dcac2e43;watches_gifts;12;10;2018-08-05;9;2018-07-30;12;0,031800715516099115;94,22817013382843;989;83,17914213624896
633a2a64a6478966e0b6805ea708de58;housewares;10;10;2018-04-05;8;2018-04-02;12;0,031800715516099115;94,25997084934453;990;83,2632464255677
65fd9b358b7ee029fba34839e9c35fdf;computers_accessories;11;10;2018-08-10;9;2018-08-06;12;0,031800715516099115;94,29177156486062;991;83,34735071488646
d8f254be723da6488610b42935533b05;watches_gifts;12;12;2018-07-31;12;2018-07-30;12;0,031800715516099115;94,32357228037672;992;83,43145500420522
dd768d259ee6054e0dadd66c8e2be0b6;bed_bath_table;12;12;2018-08-08;11;2018-08-06;12;0,031800715516099115;94,35537299589282;993;83,51555929352396
db6796aa712a2626572bb3d0b9a039cf;bed_bath_table;12;11;2018-07-17;10;2018-07-16;12;0,031800715516099115;94,38717371140892;994;83,59966358284272
b7605b5b483063d12bd90a772bff9d21;bed_bath_table;11;11;2018-04-19;11;2018-04-16;12;0,031800715516099115;94,41897442692502;995;83,68376787216148
da97969972a524bca894f97ea6bcff90;auto;12;12;2018-08-19;11;2018-08-13;12;0,031800715516099115;94,45077514244112;996;83,76787216148024
de92134fd940e9302d27c31af4581fbd;small_appliances;11;11;2018-08-12;8;2018-08-06;12;0,031800715516099115;94,48257585795722;997;83,85197645079899
f788dd44fc883f0664693a6dea50437f;toys;12;12;2018-07-01;9;2018-06-25;12;0,031800715516099115;94,51437657347331;998;83,93608074011775
f51dde119b9a90e3c7464f0cc45c0953;electronics;12;12;2018-07-03;12;2018-07-02;12;0,031800715516099115;94,54617728898941;999;84,0201850294365
854f1672c41eaa84b3e3a79e06146f63;telephony;11;10;2018-06-07;8;2018-06-04;12;0,031800715516099115;94,57797800450551;1000;84,10428931875525
83e68070fbf16ac859fc13285a5ba9ba;telephony;12;11;2018-08-04;11;2018-07-30;12;0,031800715516099115;94,60977872002161;1001;84,18839360807401
f89cd865cac300a9bf1320dd8f0fa223;electronics;12;11;2018-06-03;9;2018-05-28;12;0,031800715516099115;94,64157943553771;1002;84,27249789739277
f89d2b130b571d24532514dca6fee2a8;electronics;12;12;2018-04-27;10;2018-04-23;12;0,031800715516099115;94,6733801510538;1003;84,35660218671153
58727e154e8e85d84052cd22b0136c84;sports_leisure;12;12;2018-07-16;10;2018-07-16;12;0,031800715516099115;94,7051808665699;1004;84,44070647603029
586328f570ac0b651d452f1227db4d1c;watches_gifts;12;11;2018-04-09;8;2018-04-09;12;0,031800715516099115;94,736981582086;1005;84,52481076534903
51250f90d798d377a1928e8a4e2e9ae1;perfumery;12;10;2018-05-30;9;2018-05-28;12;0,031800715516099115;94,7687822976021;1006;84,60891505466779
b7a812ed1b86b3b00e566dc29ba7ec7c;bed_bath_table;11;11;2018-08-12;8;2018-08-06;12;0,031800715516099115;94,8005830131182;1007;84,69301934398655
e357a8646a17191f03fd9f833a0fa29b;furniture_decor;12;12;2018-08-16;10;2018-08-13;12;0,031800715516099115;94,8323837286343;1008;84,7771236333053
ec02a5d380128f7a188e9ce8f3ddd832;cool_stuff;12;11;2018-04-02;8;2018-04-02;12;0,031800715516099115;94,8641844441504;1009;84,86122792262405
33f17ed3c6906f7a7ae17a0843536db4;telephony;12;12;2018-07-16;11;2018-07-16;12;0,031800715516099115;94,8959851596665;1010;84,94533221194281
32aeecc02aa5adcb7f75155a80a47836;sports_leisure;12;12;2018-08-17;12;2018-08-13;12;0,031800715516099115;94,9277858751826;1011;85,02943650126157
1b7b45fba5ad23e8117914f8b36e6772;sports_leisure;10;10;2018-05-18;10;2018-05-14;12;0,031800715516099115;94,95958659069869;1012;85,11354079058032
2052b3c5e08893e567c2fb7778476c75;computers_accessories;12;12;2018-03-23;9;2018-03-19;12;0,031800715516099115;94,99138730621479;1013;85,19764507989908
2043cae78c8b731c405c7329a05154b2;small_appliances;11;11;2018-05-16;10;2018-05-14;12;0,031800715516099115;95,02318802173089;1014;85,28174936921783
d103baa8d35783ff2772704ed17ddd45;fashion_bags_accessories;12;12;2018-03-22;10;2018-03-19;12;0,031800715516099115;95,05498873724699;1015;85,36585365853658
1c21c1ed398eae61184065889ca3d4b0;bed_bath_table;12;12;2018-06-18;10;2018-06-18;12;0,031800715516099115;95,08678945276309;1016;85,44995794785534
525947dbe3304ac32bf51602f9557c12;bed_bath_table;10;10;2018-06-26;10;2018-06-25;12;0,031800715516099115;95,11859016827918;1017;85,5340622371741
d5140e1d258c83a340419c6522c7da22;furniture_decor;10;10;2018-08-05;9;2018-07-30;12;0,031800715516099115;95,15039088379528;1018;85,61816652649286
cfd652b39b87b4e06cf4ea106a32db47;cool_stuff;12;12;2018-03-29;12;2018-03-26;12;0,031800715516099115;95,18219159931138;1019;85,70227081581162
d272d0921188b0bd91542d704b21404e;electronics;12;12;2018-06-25;10;2018-06-25;12;0,031800715516099115;95,21399231482748;1020;85,78637510513036
61a4100ccd6d9c4c808a1fd954ddb8ad;small_appliances;11;11;2018-08-03;11;2018-07-30;12;0,031800715516099115;95,24579303034358;1021;85,87047939444912
5237739bb5fee495dbd337755a138660;watches_gifts;12;11;2018-06-22;8;2018-06-18;12;0,031800715516099115;95,27759374585968;1022;85,95458368376786
6fd82d8f842424334fedf31190e54d24;watches_gifts;12;12;2018-07-31;10;2018-07-30;12;0,031800715516099115;95,30939446137577;1023;86,03868797308662
9dfb2984ab775b6175202b9e9e678641;housewares;11;11;2018-05-16;10;2018-05-14;12;0,031800715516099115;95,34119517689187;1024;86,12279226240538
770c257cdfc072fb50ebf2bbd6696fe1;baby;12;10;2018-06-14;9;2018-06-11;12;0,031800715516099115;95,37299589240797;1025;86,20689655172413
9ea1152d6d52dc57ab2ea49aa626adc1;health_beauty;12;12;2018-08-04;8;2018-07-30;12;0,031800715516099115;95,40479660792407;1026;86,2910008410429
9ddd762ee8a13576a809dc66f22aa2b5;bed_bath_table;12;12;2018-08-13;12;2018-08-13;12;0,031800715516099115;95,43659732344017;1027;86,37510513036165
ef5c31aee1d5074121a478b14d3eb50e;stationery;12;10;2018-07-05;10;2018-07-02;12;0,031800715516099115;95,46839803895627;1028;86,4592094196804
3f994ee4a0b20760d1b173aa65037c95;cool_stuff;12;11;2018-06-19;8;2018-06-18;12;0,031800715516099115;95,50019875447236;1029;86,54331370899916
3f212fef0e1f11b343226b633f0426df;health_beauty;12;12;2018-08-11;9;2018-08-06;12;0,031800715516099115;95,53199946998846;1030;86,62741799831791
49cd59957f1c81427ca0b2edf5696969;baby;10;10;2018-07-09;9;2018-07-09;12;0,031800715516099115;95,56380018550456;1031;86,71152228763667
4f1a7a45b6d43fa7e4958e013923d9e5;musical_instruments;12;12;2018-04-16;11;2018-04-16;12;0,031800715516099115;95,59560090102066;1032;86,79562657695541
4c82c8d31845d751d797debc3d03697f;computers_accessories;12;12;2018-08-17;11;2018-08-13;12;0,031800715516099115;95,62740161653676;1033;86,87973086627419
9b125b82780e1bbb7716c906ff46f89b;pet_shop;12;12;2018-07-31;11;2018-07-30;12;0,031800715516099115;95,65920233205286;1034;86,96383515559293
c21afe62d4629a660593fd9b5e6223bb;telephony;11;11;2018-04-02;8;2018-04-02;12;0,031800715516099115;95,69100304756896;1035;87,04793944491169
70bf4f61950297cf24e18a9b84c3208a;housewares;12;12;2018-08-09;10;2018-08-06;12;0,031800715516099115;95,72280376308505;1036;87,13204373423045
70869aae4d447a8815db20569604a9e7;health_beauty;12;12;2018-05-06;9;2018-04-30;12;0,031800715516099115;95,75460447860115;1037;87,2161480235492
7bdb28a55646012fb3348058d629d9bc;musical_instruments;12;11;2018-08-19;11;2018-08-13;12;0,031800715516099115;95,78640519411725;1038;87,30025231286795
8d7d29e5fb9ff5333009326c87fc04e9;office_furniture;12;12;2018-07-24;10;2018-07-23;12;0,031800715516099115;95,81820590963335;1039;87,38435660218671
9163c7e81fd68452472912c4cde810aa;musical_instruments;12;12;2018-06-16;9;2018-06-11;12;0,031800715516099115;95,85000662514945;1040;87,46846089150546
89427567da9c9b075c9dca131535104d;toys;11;11;2018-08-07;11;2018-08-06;12;0,031800715516099115;95,88180734066555;1041;87,55256518082423
72c0ede833dac61a24ac9a7c394066a5;stationery;11;11;2018-05-08;10;2018-05-07;12;0,031800715516099115;95,91360805618164;1042;87,63666947014298
0a783d7ce18a37749c3a059cf829564b;health_beauty;12;11;2018-05-28;11;2018-05-28;12;0,031800715516099115;95,94540877169774;1043;87,72077375946174
f63729cf4441fe64282cd1b82281792d;sports_leisure;11;11;2018-06-28;8;2018-06-25;11;0,029150655889757522;95,9745594275875;1044;87,8048780487805
830345ab5d2e365c7c6b91459119ea2d;health_beauty;11;11;2018-08-07;8;2018-08-06;11;0,029150655889757522;96,00371008347724;1045;87,88898233809924
43354a2ac9eca9f50cb31647c6d5516a;toys;10;10;2018-05-15;10;2018-05-14;11;0,029150655889757522;96,032860739367;1046;87,973086627418
869c418f22e0c0ed9207ff691f279e46;housewares;11;11;2018-03-26;10;2018-03-26;11;0,029150655889757522;96,06201139525675;1047;88,05719091673674
fd220f6fd5a3f13ef9db07428f9c935d;baby;11;11;2018-08-03;9;2018-07-30;11;0,029150655889757522;96,0911620511465;1048;88,14129520605552
7b35be468d9795a7529f65c50ec87668;watches_gifts;11;11;2018-03-06;9;2018-03-05;11;0,029150655889757522;96,12031270703625;1049;88,22539949537426
d58020f0dc3b18e41728f846f5072a6c;telephony;11;11;2018-08-19;9;2018-08-13;11;0,029150655889757522;96,149463362926;1050;88,30950378469302
c65f71634a9d0de5b4a1d7dbb6d3ae01;housewares;10;9;2018-08-18;8;2018-08-13;11;0,029150655889757522;96,17861401881575;1051;88,39360807401178
1dfb36d969d347f56f43590ec42c7b8c;sports_leisure;11;11;2018-08-02;9;2018-07-30;11;0,029150655889757522;96,2077646747055;1052;88,47771236333053
1de74e63d630007567726953a4eb2b36;fashion_underwear_beach;11;11;2018-04-05;8;2018-04-02;11;0,029150655889757522;96,23691533059525;1053;88,56181665264928
c450c2e066134b9a836264ba72586ff6;electronics;11;10;2018-07-08;9;2018-07-02;11;0,029150655889757522;96,266065986485;1054;88,64592094196804
c56400aa5823575d5a92a8f98077490a;office_furniture;10;10;2018-06-24;9;2018-06-18;11;0,029150655889757522;96,29521664237475;1055;88,73002523128679
c25174e1e4fd7fe5c3420869d61fe2a6;toys;11;11;2018-03-15;9;2018-03-12;11;0,029150655889757522;96,3243672982645;1056;88,81412952060556
c0aed8767e46cce56e77db0ceef83035;auto;10;10;2018-08-13;9;2018-08-13;11;0,029150655889757522;96,35351795415426;1057;88,8982338099243
4c8b28305f570899b6ded964ddd234a9;furniture_decor;11;11;2018-06-18;8;2018-06-18;11;0,029150655889757522;96,382668610044;1058;88,98233809924307
4d0ec1e9b95fb62f9a1fbe21808bf3b1;bed_bath_table;11;10;2018-05-07;8;2018-05-07;11;0,029150655889757522;96,41181926593376;1059;89,06644238856181
4b6b3a7072d549354c3743dedbf4170a;watches_gifts;11;11;2018-07-31;10;2018-07-30;11;0,029150655889757522;96,44096992182351;1060;89,15054667788057
4487261e208ce5d3a8d1a997ccd99dcf;bed_bath_table;11;11;2018-05-09;11;2018-05-07;11;0,029150655889757522;96,47012057771326;1061;89,23465096719933
7ca5f56188492e30c50ba64de188aae7;bed_bath_table;11;11;2018-07-21;11;2018-07-16;11;0,029150655889757522;96,49927123360301;1062;89,31875525651807
97170c28efde1b426f1c52348fe1c086;watches_gifts;10;10;2018-06-28;10;2018-06-25;11;0,029150655889757522;96,52842188949276;1063;89,40285954583683
906b11f3bc3c98f883afa0eb67b0fac7;sports_leisure;11;11;2018-08-04;10;2018-07-30;11;0,029150655889757522;96,55757254538251;1064;89,48696383515559
7d3297b1d734f63d40632fcf8e1a2cec;telephony;11;11;2018-06-04;9;2018-06-04;11;0,029150655889757522;96,58672320127226;1065;89,57106812447435
7bf115809ab249f1bf0fa92d72e0baf8;computers_accessories;10;10;2018-06-12;9;2018-06-11;11;0,029150655889757522;96,61587385716201;1066;89,65517241379311
6463e442310f2f4f321c83a32d8c662b;health_beauty;11;11;2018-08-02;9;2018-07-30;11;0,029150655889757522;96,64502451305177;1067;89,73927670311186
6c55ba2343f9df32c7f88a468352ff22;watches_gifts;11;10;2018-07-31;10;2018-07-30;11;0,029150655889757522;96,67417516894152;1068;89,82338099243061
ede062bcd13ef64b5cc87369e4edaf62;health_beauty;10;10;2018-04-11;8;2018-04-09;11;0,029150655889757522;96,70332582483127;1069;89,90748528174936
f353779abb6114db5f8f79fbad12e375;housewares;11;11;2018-06-12;11;2018-06-11;11;0,029150655889757522;96,73247648072102;1070;89,99158957106812
f2ecbb02b6da187a9f14b8ac5781faec;perfumery;11;10;2018-07-16;9;2018-07-16;11;0,029150655889757522;96,76162713661077;1071;90,07569386038689
0e34187d4312b97b5e698836d28ed040;air_conditioning;11;11;2018-03-25;10;2018-03-19;11;0,029150655889757522;96,79077779250052;1072;90,15979814970564
06f2166336faca73c644b11eaca22d06;computers_accessories;11;10;2018-08-17;8;2018-08-13;11;0,029150655889757522;96,81992844839027;1073;90,2439024390244
d34ec3c23c142291062f958688a1b41c;luggage_accessories;11;11;2018-07-19;10;2018-07-16;11;0,029150655889757522;96,84907910428002;1074;90,32800672834314
d1847c3f994dc0bb4d1248520ecb81f3;computers_accessories;11;11;2018-04-25;8;2018-04-23;11;0,029150655889757522;96,87822976016977;1075;90,4121110176619
1f75be631e988bb0ad750e60e18d043b;health_beauty;11;11;2018-08-13;10;2018-08-13;11;0,029150655889757522;96,90738041605952;1076;90,49621530698066
1eaf224c19e07b6e50bf0119eea1dd26;bed_bath_table;11;10;2018-06-23;9;2018-06-18;11;0,029150655889757522;96,93653107194928;1077;90,5803195962994
121b9686b9929855d823981fc655a6fe;housewares;10;10;2018-04-13;10;2018-04-09;11;0,029150655889757522;96,96568172783903;1078;90,66442388561816
ba5fb4ab9cd70d201b74b5bad9d4ca00;telephony;11;11;2018-08-19;9;2018-08-13;11;0,029150655889757522;96,99483238372878;1079;90,74852817493692
c0350d6ac413eda4641bf92ab687f1b5;fashion_bags_accessories;10;10;2018-06-28;10;2018-06-25;11;0,029150655889757522;97,02398303961853;1080;90,83263246425568
0f8977d115c52d93a05dd4eb7052baff;bed_bath_table;11;11;2018-07-25;8;2018-07-23;11;0,029150655889757522;97,05313369550828;1081;90,91673675357444
504f07e36481e5e72043def3d874b92a;sports_leisure;11;11;2018-06-14;9;2018-06-11;11;0,029150655889757522;97,08228435139803;1082;91,00084104289319
5a47c5b5c3866f29177d497727f22f38;sports_leisure;11;11;2018-05-04;10;2018-04-30;11;0,029150655889757522;97,11143500728778;1083;91,08494533221194
b84c4c7f1845f068f40e350865b803fa;health_beauty;10;10;2018-08-12;9;2018-08-06;11;0,029150655889757522;97,14058566317753;1084;91,16904962153069
ac6c3623068f30de03045865e4e10089;garden_tools;11;11;2018-03-10;9;2018-03-05;11;0,029150655889757522;97,16973631906728;1085;91,25315391084945
60567eaf5cdf794639e94508ec387a82;fashion_bags_accessories;10;10;2018-04-22;8;2018-04-16;11;0,029150655889757522;97,19888697495703;1086;91,33725820016821
b75a056d7d03227c3a3b60e9ccf518c9;auto;11;10;2018-08-14;7;2018-08-13;11;0,029150655889757522;97,22803763084679;1087;91,42136248948697
3cc4b421c1f28dd22e86fc4aaafb600e;bed_bath_table;11;11;2018-05-13;10;2018-05-07;11;0,029150655889757522;97,25718828673654;1088;91,50546677880573
3a362c0e7f9a69276e2d95869a3e143b;health_beauty;10;9;2018-08-13;8;2018-08-13;11;0,029150655889757522;97,28633894262629;1089;91,58957106812447
5e2ba75ad255ff60b1c76c5bf526ae9b;health_beauty;11;11;2018-04-05;10;2018-04-02;11;0,029150655889757522;97,31548959851604;1090;91,67367535744323
5f19455f0c3902e89f16a6042bd4221d;health_beauty;11;11;2018-08-19;8;2018-08-13;11;0,029150655889757522;97,34464025440579;1091;91,75777964676199
5d0a7cb413c5b59233c57177fe2f20b0;toys;10;10;2018-04-20;10;2018-04-16;11;0,029150655889757522;97,37379091029554;1092;91,84188393608073
59c1840441f4df065f52760bf51a8442;fashion_bags_accessories;11;11;2018-07-04;9;2018-07-02;11;0,029150655889757522;97,40294156618529;1093;91,9259882253995
aa36c2127048efdcd47f4ad5b6b68810;bed_bath_table;11;10;2018-06-24;10;2018-06-18;11;0,029150655889757522;97,43209222207504;1094;92,01009251471825
5bd6493a2d5a384987386f2696bae33d;telephony;11;11;2018-08-13;10;2018-08-13;11;0,029150655889757522;97,46124287796479;1095;92,09419680403701
5c77339ada5044e33450d5c2660692e0;sports_leisure;11;11;2018-08-17;8;2018-08-13;11;0,029150655889757522;97,49039353385454;1096;92,17830109335577
1937b3e587fc766c8d1cef0c11c6aa53;sports_leisure;11;11;2018-08-01;10;2018-07-30;11;0,029150655889757522;97,5195441897443;1097;92,26240538267452
a70d74f54feefedd8108c45553766340;fashion_underwear_beach;11;11;2018-07-04;11;2018-07-02;11;0,029150655889757522;97,54869484563405;1098;92,34650967199327
943c812216923e4244e83099e0c62a08;health_beauty;10;10;2018-05-06;10;2018-04-30;11;0,029150655889757522;97,5778455015238;1099;92,43061396131202
e5cac955339b48ea3b9773f034623e29;watches_gifts;10;10;2018-08-16;10;2018-08-13;11;0,029150655889757522;97,60699615741355;1100;92,51471825063078
eab67bf937aaadc19f83383a331d2dd9;office_furniture;11;11;2018-03-31;9;2018-03-26;11;0,029150655889757522;97,6361468133033;1101;92,59882253994954
331a9e69c95aad991177b0f1ef85a261;health_beauty;11;10;2018-03-22;9;2018-03-19;11;0,029150655889757522;97,66529746919305;1102;92,6829268292683
e2f1ccf86759df28dd1e9f2e0e3242d4;health_beauty;11;11;2018-07-15;9;2018-07-09;11;0,029150655889757522;97,6944481250828;1103;92,76703111858706
a54f350cdb1f303fe39221171d003852;furniture_decor;11;11;2018-06-30;11;2018-06-25;11;0,029150655889757522;97,72359878097255;1104;92,8511354079058
308a7360ee2e0ecfb6aa7708428692af;electronics;11;11;2018-08-06;11;2018-08-06;11;0,029150655889757522;97,7527494368623;1105;92,93523969722456
27fdfad2c6a8f91606eb41ea396785c6;electronics;11;10;2018-06-15;8;2018-06-11;11;0,029150655889757522;97,78190009275205;1106;93,01934398654332
2ac7c9339ff85fff3e1aee3eaf7bb315;housewares;11;10;2018-06-13;9;2018-06-11;11;0,029150655889757522;97,8110507486418;1107;93,10344827586206
2722b86640ddc24e1374c2df1ac2a230;construction_tools_construction;11;11;2018-07-10;7;2018-07-09;11;0,029150655889757522;97,84020140453156;1108;93,18755256518082
783caabd539c4079ec08423e30719fba;construction_tools_lights;10;9;2018-08-10;7;2018-08-06;11;0,029150655889757522;97,8693520604213;1109;93,27165685449958
6e835aea84ae8eb68b8c14878dd43b30;sports_leisure;10;10;2018-07-01;8;2018-06-25;11;0,029150655889757522;97,89850271631106;1110;93,35576114381834
6fd08d44046ab994b96ff38ad6fcfba1;baby;10;9;2018-08-08;8;2018-08-06;11;0,029150655889757522;97,92765337220081;1111;93,43986543313709
9b968712a8768d8e23318f73476af1a3;baby;10;10;2018-07-09;10;2018-07-09;11;0,029150655889757522;97,95680402809056;1112;93,52396972245585
9b37a918bcf2c8e1064e867cf1df4637;electronics;11;11;2018-06-21;10;2018-06-18;11;0,029150655889757522;97,98595468398031;1113;93,6080740117746
9c422a519119dcad7575db5af1ba540e;computers_accessories;11;11;2018-07-23;9;2018-07-23;11;0,029150655889757522;98,01510533987006;1114;93,69217830109335
a2a61ecd4e916c3ff787c137d23957bb;housewares;11;11;2018-06-03;9;2018-05-28;11;0,029150655889757522;98,04425599575981;1115;93,77628259041211
a1e903cd2d23763ef8b85ec12eb79d9c;sports_leisure;11;11;2018-08-11;8;2018-08-06;11;0,029150655889757522;98,07340665164956;1116;93,86038687973087
a155b4eeffbbec8a728eb1ad73705153;furniture_decor;11;10;2018-05-15;10;2018-05-14;11;0,029150655889757522;98,10255730753931;1117;93,94449116904963
a35c14eaa384acf7aabbbec3bd76fae6;housewares;10;10;2018-07-01;8;2018-06-25;11;0,029150655889757522;98,13170796342906;1118;94,02859545836839
2e830c73f28d3b8542af03cf2637dfc4;electronics;10;10;2018-06-23;8;2018-06-18;10;0,026500596263415926;98,15820855969248;1119;94,11269974768713
87aff1d9a5e94db6840c5b963a5cef90;sports_leisure;10;10;2018-07-21;9;2018-07-16;10;0,026500596263415926;98,1847091559559;1120;94,19680403700589
f71a7c95a86564873cd996896b2976f6;computers_accessories;10;10;2018-05-30;10;2018-05-28;10;0,026500596263415926;98,21120975221932;1121;94,28090832632464
83aae8023b8feda53259f63e0ec06390;furniture_decor;10;10;2018-08-08;10;2018-08-06;10;0,026500596263415926;98,23771034848274;1122;94,3650126156434
07fe9ffbb84b9d22610d79efb16e81a7;cool_stuff;10;10;2018-08-08;9;2018-08-06;10;0,026500596263415926;98,26421094474615;1123;94,44911690496215
252641aa4855aef622089db60c4ad90a;cool_stuff;10;10;2018-07-11;10;2018-07-09;10;0,026500596263415926;98,29071154100957;1124;94,5332211942809
21d2fdced5c69bfc6539b67908a4ad28;furniture_living_room;10;10;2018-08-01;10;2018-07-30;10;0,026500596263415926;98,31721213727299;1125;94,61732548359967
43944a8f8f0b7ae86b6c3d3c2f257375;home_appliances;10;10;2018-03-05;8;2018-03-05;10;0,026500596263415926;98,3437127335364;1126;94,70142977291842
4328139cbe9adde0aac493ca9871eab3;bed_bath_table;10;10;2018-08-17;9;2018-08-13;10;0,026500596263415926;98,37021332979982;1127;94,78553406223718
40cb7bb3d30559b9b6c4fb62bc837962;bed_bath_table;9;9;2018-06-05;9;2018-06-04;10;0,026500596263415926;98,39671392606324;1128;94,86963835155593
0b2c18d8e73e17348a011241525cb089;watches_gifts;10;10;2018-05-25;8;2018-05-21;10;0,026500596263415926;98,42321452232666;1129;94,95374264087468
25292482a61cb3298df8dbe15ea69daf;health_beauty;10;10;2018-06-07;9;2018-06-04;10;0,026500596263415926;98,44971511859008;1130;95,03784693019344
7a3bc1b5f3ad201ecd5d03d51d34bedd;health_beauty;10;10;2018-07-18;10;2018-07-16;10;0,026500596263415926;98,4762157148535;1131;95,1219512195122
94a6c010ef78e62cab34c6caf0a69b5f;consoles_games;10;10;2018-08-16;9;2018-08-13;10;0,026500596263415926;98,50271631111691;1132;95,20605550883096
1629b469d01aadb4f92644039ad17d5c;telephony;10;10;2018-04-06;8;2018-04-02;10;0,026500596263415926;98,52921690738033;1133;95,29015979814972
dd841bf589f05e0948ddb0c8d2c749ab;furniture_decor;10;10;2018-07-17;9;2018-07-16;10;0,026500596263415926;98,55571750364375;1134;95,37426408746846
607ef4aa416b93fdeb2a811c2c73ad81;bed_bath_table;10;10;2018-04-30;10;2018-04-30;10;0,026500596263415926;98,58221809990717;1135;95,45836837678722
9fbfc0d1a475bb65f9c0e39bb927a99a;housewares;10;10;2018-05-07;8;2018-05-07;10;0,026500596263415926;98,60871869617058;1136;95,54247266610597
189f163ac190749c553a4835c22aa3a8;baby;10;10;2018-08-14;8;2018-08-13;10;0,026500596263415926;98,635219292434;1137;95,62657695542472
2ff17002562478fb03cd44f09e7ca51a;watches_gifts;10;10;2018-08-14;10;2018-08-13;10;0,026500596263415926;98,66171988869742;1138;95,71068124474348
632ba0c3ace598871c24c49380796d57;computers_accessories;10;10;2018-04-11;10;2018-04-09;10;0,026500596263415926;98,68822048496084;1139;95,79478553406223
15d8ac236009f0d5e74a5033a53ba460;pet_shop;10;10;2018-07-13;9;2018-07-09;10;0,026500596263415926;98,71472108122425;1140;95,878889823381
adf591c625cb265c12bc6749d3a2f757;health_beauty;10;10;2018-08-09;8;2018-08-06;10;0,026500596263415926;98,74122167748767;1141;95,96299411269975
369dfa384d5ad2a0cb97cb4cda846c47;sports_leisure;10;10;2018-05-27;8;2018-05-21;10;0,026500596263415926;98,76772227375109;1142;96,0470984020185
1c57458e824ca3d974ec1831a1a55e72;pet_shop;10;10;2018-03-12;9;2018-03-12;10;0,026500596263415926;98,79422287001451;1143;96,13120269133726
c3adcd846a294794059da678fb939220;furniture_decor;10;10;2018-04-24;10;2018-04-23;10;0,026500596263415926;98,82072346627793;1144;96,21530698065601
cbf5cf4e5d906cda4c6d91d5b7b15e8b;health_beauty;10;10;2018-07-19;8;2018-07-16;10;0,026500596263415926;98,84722406254134;1145;96,29941126997477
4f288e27579d68e616d2712ad669f99e;cool_stuff;10;10;2018-07-19;8;2018-07-16;10;0,026500596263415926;98,87372465880476;1146;96,38351555929351
5215505db2113a032810c3644c346a38;watches_gifts;10;10;2018-08-01;10;2018-07-30;10;0,026500596263415926;98,90022525506818;1147;96,46761984861227
1347d4320dcd0acd750e37bb3d94a918;home_appliances;10;10;2018-05-14;10;2018-05-14;10;0,026500596263415926;98,9267258513316;1148;96,55172413793103
c045b19fdb30a3035c56d04c6fe2e622;bed_bath_table;10;10;2018-06-02;8;2018-05-28;10;0,026500596263415926;98,95322644759501;1149;96,63582842724979
c6e3c9a59b663e36a8b95b2dde81fa33;sports_leisure;10;10;2018-07-26;8;2018-07-23;10;0,026500596263415926;98,97972704385843;1150;96,71993271656855
157ee978f4fcdf8984b0bb33a6687fde;drinks;10;8;2018-08-15;6;2018-08-13;10;0,026500596263415926;99,00622764012185;1151;96,8040370058873
561e48cdfacd14e7cfe67aa4ebd0caea;pet_shop;10;10;2018-08-10;8;2018-08-06;10;0,026500596263415926;99,03272823638527;1152;96,88814129520605
5d90b82ad1fdff812987fa28158b7984;bed_bath_table;10;10;2018-07-03;9;2018-07-02;10;0,026500596263415926;99,05922883264869;1153;96,97224558452481
385a33a408e9c35c9fbc2025c12f3784;computers_accessories;10;10;2018-07-22;9;2018-07-16;10;0,026500596263415926;99,0857294289121;1154;97,05634987384356
dd47440cb56de3ab674f9208ff0edc3e;computers_accessories;10;10;2018-04-05;8;2018-04-02;10;0,026500596263415926;99,11223002517552;1155;97,14045416316233
a7d756e8f7c4b7e5b679e248a57d91ec;fashion_bags_accessories;10;10;2018-05-08;9;2018-05-07;10;0,026500596263415926;99,13873062143894;1156;97,22455845248108
e71ce72b19b83080d97cf4f06c90d096;sports_leisure;10;10;2018-05-02;9;2018-04-30;10;0,026500596263415926;99,16523121770236;1157;97,30866274179984
2ccd049c8e7ea210e079a1aa8ad92477;stationery;10;10;2018-08-17;10;2018-08-13;10;0,026500596263415926;99,19173181396577;1158;97,39276703111858
90b86c830114ddc888f6380a223ee285;bed_bath_table;10;10;2018-05-14;10;2018-05-14;10;0,026500596263415926;99,21823241022919;1159;97,47687132043734
8e910a5a78e3378d8c570c13e143d631;bed_bath_table;10;10;2018-08-08;9;2018-08-06;10;0,026500596263415926;99,24473300649261;1160;97,5609756097561
7620a27f1d6747511f1c6f0ddb63c0ef;flowers;10;10;2018-03-29;9;2018-03-26;10;0,026500596263415926;99,27123360275603;1161;97,64507989907484
9ef3514cbcbf73d8b7d294036f99737f;housewares;10;10;2018-06-04;10;2018-06-04;10;0,026500596263415926;99,29773419901944;1162;97,7291841883936
9c7bdf67b06b419aefb93cfdfc96c55d;sports_leisure;9;9;2018-03-15;7;2018-03-12;10;0,026500596263415926;99,32423479528286;1163;97,81328847771236
70120d2f9b9193aa0030342072d8adec;telephony;9;9;2018-08-01;9;2018-07-30;10;0,026500596263415926;99,35073539154628;1164;97,89739276703112
9b2db9ec16a8a51549f32462bf973523;toys;10;10;2018-06-01;9;2018-05-28;10;0,026500596263415926;99,3772359878097;1165;97,98149705634988
6c706bd66d6df5b9eaa716699943efd0;furniture_decor;10;10;2018-06-02;9;2018-05-28;10;0,026500596263415926;99,40373658407312;1166;98,06560134566863
317a06884480d645d7f0bc82455ec277;computers_accessories;10;10;2018-07-04;10;2018-07-02;10;0,026500596263415926;99,43023718033653;1167;98,14970563498738
a54244559e62c8ef2939e52189d65d4c;food_drink;10;10;2018-07-27;8;2018-07-23;10;0,026500596263415926;99,45673777659995;1168;98,23380992430614
a1f7dace2a9af48dd48428c12001dc09;home_appliances;10;10;2018-05-17;9;2018-05-14;10;0,026500596263415926;99,48323837286337;1169;98,31791421362489
e3f7b3cbb0ccf1f1e361e6974b22e346;bed_bath_table;10;10;2018-08-04;9;2018-07-30;10;0,026500596263415926;99,50973896912679;1170;98,40201850294366
e9b3cf27d68caa64832c4a7c460abcb9;market_place;9;9;2018-03-22;6;2018-03-19;10;0,026500596263415926;99,5362395653902;1171;98,4861227922624
9a63d4ef456702710823c21b8cca0332;auto;10;10;2018-06-11;9;2018-06-11;10;0,026500596263415926;99,56274016165362;1172;98,57022708158117
94ad63831117fac82c6054d2056ed118;pet_shop;10;10;2018-04-02;9;2018-04-02;10;0,026500596263415926;99,58924075791704;1173;98,65433137089991
2d063994ae4667cff3d6841e9d441d1d;home_appliances_2;10;10;2018-07-20;10;2018-07-16;10;0,026500596263415926;99,61574135418046;1174;98,73843566021867
283f243bb09e48e8f324d175182d5cfa;telephony;10;10;2018-08-09;10;2018-08-06;10;0,026500596263415926;99,64224195044387;1175;98,82253994953743
ec242882027ee23182f0e790e4117128;bed_bath_table;10;10;2018-08-18;8;2018-08-13;10;0,026500596263415926;99,66874254670729;1176;98,90664423885617
8f3a1c2358138bedfb98645db449110c;watches_gifts;10;10;2018-07-21;9;2018-07-16;10;0,026500596263415926;99,69524314297071;1177;98,99074852817493
7e48d9554094858ee2269c4ef809f50e;watches_gifts;10;10;2018-07-31;9;2018-07-30;10;0,026500596263415926;99,72174373923413;1178;99,07485281749369
964093075b6885bfcc6520dd216e4d8f;housewares;10;10;2018-08-08;9;2018-08-06;10;0,026500596263415926;99,74824433549755;1179;99,15895710681245
9a2e821cfc513051382e27606ab3325c;stationery;10;10;2018-03-13;9;2018-03-12;10;0,026500596263415926;99,77474493176096;1180;99,24306139613121
7fe486a60125c1541517e30944f95066;home_appliances_2;10;10;2018-08-17;10;2018-08-13;10;0,026500596263415926;99,80124552802438;1181;99,32716568544996
06dce482ace017e78349b6f1fa83a022;bed_bath_table;10;10;2018-08-14;9;2018-08-13;10;0,026500596263415926;99,8277461242878;1182;99,41126997476871
00faa46f36261af8bbf3a4d37fa4841b;fashion_bags_accessories;10;10;2018-06-30;8;2018-06-25;10;0,026500596263415926;99,85424672055122;1183;99,49537426408746
06abf4be826ed1d548e8a22a3d75d912;health_beauty;10;10;2018-04-24;9;2018-04-23;10;0,026500596263415926;99,88074731681463;1184;99,57947855340622
27a7e832bcfcd69ff687d611c3e79cbd;perfumery;10;10;2018-05-18;8;2018-05-14;10;0,026500596263415926;99,90724791307805;1185;99,66358284272498
dfec64aac9b864b2807a7be33222b75f;bed_bath_table;9;9;2018-05-11;8;2018-05-07;9;0,023850536637074333;99,93109844971512;1186;99,74768713204374
5a0c21ad6b82a1b61856e48ec959764d;perfumery;9;9;2018-08-08;9;2018-08-06;9;0,023850536637074333;99,95494898635219;1187;99,8317914213625
5f0bdec2fb222061ed8fe52586a5957d;telephony;9;9;2018-03-09;9;2018-03-05;9;0,023850536637074333;99,97879952298926;1188;99,91589571068124
952e73f7e8bee61569a32b35c19bc981;bed_bath_table;8;8;2018-08-19;7;2018-08-13;8;0,021200477010732743;100,0;1189;100,0
